"","Company","Island","RptMonth","Sector","Price","PhysicalUnit"
"1","HECO","Oahu","01/31/2008 12:00:00 AM","Residential",24.34,"Cents/KWh"
"2","HECO","Oahu","01/31/2008 12:00:00 AM","Commercial",20.43,"Cents/KWh"
"3","HECO","Oahu","01/31/2008 12:00:00 AM","Street Lights",22.15,"Cents/KWh"
"4","HECO","Oahu","01/31/2008 12:00:00 AM","All Sectors",21.57,"Cents/KWh"
"5","MECO","Maui","01/31/2008 12:00:00 AM","Residential",33.7,"Cents/KWh"
"6","MECO","Maui","01/31/2008 12:00:00 AM","Commercial",32.04,"Cents/KWh"
"7","MECO","Maui","01/31/2008 12:00:00 AM","Street Lights",31.5,"Cents/KWh"
"8","MECO","Maui","01/31/2008 12:00:00 AM","All Sectors",32.68,"Cents/KWh"
"9","MECO","Lanai","01/31/2008 12:00:00 AM","Residential",37.3,"Cents/KWh"
"10","MECO","Lanai","01/31/2008 12:00:00 AM","Commercial",37.74,"Cents/KWh"
"11","MECO","Lanai","01/31/2008 12:00:00 AM","Street Lights",35.84,"Cents/KWh"
"12","MECO","Lanai","01/31/2008 12:00:00 AM","All Sectors",37.6,"Cents/KWh"
"13","MECO","Molokai","01/31/2008 12:00:00 AM","Residential",39.08,"Cents/KWh"
"14","MECO","Molokai","01/31/2008 12:00:00 AM","Commercial",39.09,"Cents/KWh"
"15","MECO","Molokai","01/31/2008 12:00:00 AM","Street Lights",37.57,"Cents/KWh"
"16","MECO","Molokai","01/31/2008 12:00:00 AM","All Sectors",39.06,"Cents/KWh"
"17","HELCO","Hawaii","01/31/2008 12:00:00 AM","Residential",37.07,"Cents/KWh"
"18","HELCO","Hawaii","01/31/2008 12:00:00 AM","Commercial",34.38,"Cents/KWh"
"19","HELCO","Hawaii","01/31/2008 12:00:00 AM","Street Lights",35.7,"Cents/KWh"
"20","HELCO","Hawaii","01/31/2008 12:00:00 AM","All Sectors",35.55,"Cents/KWh"
"21","KIUC","Kauai","01/31/2008 12:00:00 AM","Residential",39.83,"Cents/KWh"
"22","KIUC","Kauai","01/31/2008 12:00:00 AM","Commercial",38.66,"Cents/KWh"
"23","KIUC","Kauai","01/31/2008 12:00:00 AM","Street Lights",53.04,"Cents/KWh"
"24","KIUC","Kauai","01/31/2008 12:00:00 AM","All Sectors",39.19,"Cents/KWh"
"25","HECO","Oahu","02/28/2008 12:00:00 AM","Residential",25.79,"Cents/KWh"
"26","HECO","Oahu","02/28/2008 12:00:00 AM","Commercial",21.97,"Cents/KWh"
"27","HECO","Oahu","02/28/2008 12:00:00 AM","Street Lights",23.59,"Cents/KWh"
"28","HECO","Oahu","02/28/2008 12:00:00 AM","All Sectors",23.02,"Cents/KWh"
"29","MECO","Maui","02/28/2008 12:00:00 AM","Residential",34.4,"Cents/KWh"
"30","MECO","Maui","02/28/2008 12:00:00 AM","Commercial",32.81,"Cents/KWh"
"31","MECO","Maui","02/28/2008 12:00:00 AM","Street Lights",31.78,"Cents/KWh"
"32","MECO","Maui","02/28/2008 12:00:00 AM","All Sectors",33.38,"Cents/KWh"
"33","MECO","Lanai","02/28/2008 12:00:00 AM","Residential",39.08,"Cents/KWh"
"34","MECO","Lanai","02/28/2008 12:00:00 AM","Commercial",39.16,"Cents/KWh"
"35","MECO","Lanai","02/28/2008 12:00:00 AM","Street Lights",37.53,"Cents/KWh"
"36","MECO","Lanai","02/28/2008 12:00:00 AM","All Sectors",39.13,"Cents/KWh"
"37","MECO","Molokai","02/28/2008 12:00:00 AM","Residential",40.13,"Cents/KWh"
"38","MECO","Molokai","02/28/2008 12:00:00 AM","Commercial",39.11,"Cents/KWh"
"39","MECO","Molokai","02/28/2008 12:00:00 AM","Street Lights",38.22,"Cents/KWh"
"40","MECO","Molokai","02/28/2008 12:00:00 AM","All Sectors",39.48,"Cents/KWh"
"41","HELCO","Hawaii","02/28/2008 12:00:00 AM","Residential",39.87,"Cents/KWh"
"42","HELCO","Hawaii","02/28/2008 12:00:00 AM","Commercial",37.01,"Cents/KWh"
"43","HELCO","Hawaii","02/28/2008 12:00:00 AM","Street Lights",38.09,"Cents/KWh"
"44","HELCO","Hawaii","02/28/2008 12:00:00 AM","All Sectors",38.15,"Cents/KWh"
"45","KIUC","Kauai","02/28/2008 12:00:00 AM","Residential",39.28,"Cents/KWh"
"46","KIUC","Kauai","02/28/2008 12:00:00 AM","Commercial",38.43,"Cents/KWh"
"47","KIUC","Kauai","02/28/2008 12:00:00 AM","Street Lights",52.72,"Cents/KWh"
"48","KIUC","Kauai","02/28/2008 12:00:00 AM","All Sectors",38.83,"Cents/KWh"
"49","HECO","Oahu","03/31/2008 12:00:00 AM","Residential",26.38,"Cents/KWh"
"50","HECO","Oahu","03/31/2008 12:00:00 AM","Commercial",22.62,"Cents/KWh"
"51","HECO","Oahu","03/31/2008 12:00:00 AM","Street Lights",24.13,"Cents/KWh"
"52","HECO","Oahu","03/31/2008 12:00:00 AM","All Sectors",23.65,"Cents/KWh"
"53","MECO","Maui","03/31/2008 12:00:00 AM","Residential",34.09,"Cents/KWh"
"54","MECO","Maui","03/31/2008 12:00:00 AM","Commercial",32.44,"Cents/KWh"
"55","MECO","Maui","03/31/2008 12:00:00 AM","Street Lights",31.57,"Cents/KWh"
"56","MECO","Maui","03/31/2008 12:00:00 AM","All Sectors",33.02,"Cents/KWh"
"57","MECO","Lanai","03/31/2008 12:00:00 AM","Residential",39.09,"Cents/KWh"
"58","MECO","Lanai","03/31/2008 12:00:00 AM","Commercial",39.32,"Cents/KWh"
"59","MECO","Lanai","03/31/2008 12:00:00 AM","Street Lights",37.52,"Cents/KWh"
"60","MECO","Lanai","03/31/2008 12:00:00 AM","All Sectors",39.24,"Cents/KWh"
"61","MECO","Molokai","03/31/2008 12:00:00 AM","Residential",39.93,"Cents/KWh"
"62","MECO","Molokai","03/31/2008 12:00:00 AM","Commercial",39.2,"Cents/KWh"
"63","MECO","Molokai","03/31/2008 12:00:00 AM","Street Lights",37.99,"Cents/KWh"
"64","MECO","Molokai","03/31/2008 12:00:00 AM","All Sectors",39.44,"Cents/KWh"
"65","HELCO","Hawaii","03/31/2008 12:00:00 AM","Residential",38.34,"Cents/KWh"
"66","HELCO","Hawaii","03/31/2008 12:00:00 AM","Commercial",35.46,"Cents/KWh"
"67","HELCO","Hawaii","03/31/2008 12:00:00 AM","Street Lights",36.66,"Cents/KWh"
"68","HELCO","Hawaii","03/31/2008 12:00:00 AM","All Sectors",36.59,"Cents/KWh"
"69","KIUC","Kauai","03/31/2008 12:00:00 AM","Residential",39.9,"Cents/KWh"
"70","KIUC","Kauai","03/31/2008 12:00:00 AM","Commercial",38.74,"Cents/KWh"
"71","KIUC","Kauai","03/31/2008 12:00:00 AM","Street Lights",52.99,"Cents/KWh"
"72","KIUC","Kauai","03/31/2008 12:00:00 AM","All Sectors",39.24,"Cents/KWh"
"73","HECO","Oahu","04/30/2008 12:00:00 AM","Residential",26.62,"Cents/KWh"
"74","HECO","Oahu","04/30/2008 12:00:00 AM","Commercial",22.32,"Cents/KWh"
"75","HECO","Oahu","04/30/2008 12:00:00 AM","Street Lights",23.72,"Cents/KWh"
"76","HECO","Oahu","04/30/2008 12:00:00 AM","All Sectors",23.48,"Cents/KWh"
"77","MECO","Maui","04/30/2008 12:00:00 AM","Residential",34.38,"Cents/KWh"
"78","MECO","Maui","04/30/2008 12:00:00 AM","Commercial",32.64,"Cents/KWh"
"79","MECO","Maui","04/30/2008 12:00:00 AM","Street Lights",31.81,"Cents/KWh"
"80","MECO","Maui","04/30/2008 12:00:00 AM","All Sectors",33.25,"Cents/KWh"
"81","MECO","Lanai","04/30/2008 12:00:00 AM","Residential",39.52,"Cents/KWh"
"82","MECO","Lanai","04/30/2008 12:00:00 AM","Commercial",39.62,"Cents/KWh"
"83","MECO","Lanai","04/30/2008 12:00:00 AM","Street Lights",37.92,"Cents/KWh"
"84","MECO","Lanai","04/30/2008 12:00:00 AM","All Sectors",39.58,"Cents/KWh"
"85","MECO","Molokai","04/30/2008 12:00:00 AM","Residential",40.44,"Cents/KWh"
"86","MECO","Molokai","04/30/2008 12:00:00 AM","Commercial",39.87,"Cents/KWh"
"87","MECO","Molokai","04/30/2008 12:00:00 AM","Street Lights",38.4,"Cents/KWh"
"88","MECO","Molokai","04/30/2008 12:00:00 AM","All Sectors",40.05,"Cents/KWh"
"89","HELCO","Hawaii","04/30/2008 12:00:00 AM","Residential",38.62,"Cents/KWh"
"90","HELCO","Hawaii","04/30/2008 12:00:00 AM","Commercial",35.63,"Cents/KWh"
"91","HELCO","Hawaii","04/30/2008 12:00:00 AM","Street Lights",36.81,"Cents/KWh"
"92","HELCO","Hawaii","04/30/2008 12:00:00 AM","All Sectors",36.8,"Cents/KWh"
"93","KIUC","Kauai","04/30/2008 12:00:00 AM","Residential",41.6,"Cents/KWh"
"94","KIUC","Kauai","04/30/2008 12:00:00 AM","Commercial",40.06,"Cents/KWh"
"95","KIUC","Kauai","04/30/2008 12:00:00 AM","Street Lights",54.22,"Cents/KWh"
"96","KIUC","Kauai","04/30/2008 12:00:00 AM","All Sectors",40.68,"Cents/KWh"
"97","HECO","Oahu","05/31/2008 12:00:00 AM","Residential",27.61,"Cents/KWh"
"98","HECO","Oahu","05/31/2008 12:00:00 AM","Commercial",23.23,"Cents/KWh"
"99","HECO","Oahu","05/31/2008 12:00:00 AM","Street Lights",24.96,"Cents/KWh"
"100","HECO","Oahu","05/31/2008 12:00:00 AM","All Sectors",24.42,"Cents/KWh"
"101","MECO","Maui","05/31/2008 12:00:00 AM","Residential",36.97,"Cents/KWh"
"102","MECO","Maui","05/31/2008 12:00:00 AM","Commercial",35.01,"Cents/KWh"
"103","MECO","Maui","05/31/2008 12:00:00 AM","Street Lights",34.64,"Cents/KWh"
"104","MECO","Maui","05/31/2008 12:00:00 AM","All Sectors",35.68,"Cents/KWh"
"105","MECO","Lanai","05/31/2008 12:00:00 AM","Residential",41.1,"Cents/KWh"
"106","MECO","Lanai","05/31/2008 12:00:00 AM","Commercial",41.28,"Cents/KWh"
"107","MECO","Lanai","05/31/2008 12:00:00 AM","Street Lights",39.92,"Cents/KWh"
"108","MECO","Lanai","05/31/2008 12:00:00 AM","All Sectors",41.23,"Cents/KWh"
"109","MECO","Molokai","05/31/2008 12:00:00 AM","Residential",42.09,"Cents/KWh"
"110","MECO","Molokai","05/31/2008 12:00:00 AM","Commercial",41.14,"Cents/KWh"
"111","MECO","Molokai","05/31/2008 12:00:00 AM","Street Lights",40.26,"Cents/KWh"
"112","MECO","Molokai","05/31/2008 12:00:00 AM","All Sectors",41.47,"Cents/KWh"
"113","HELCO","Hawaii","05/31/2008 12:00:00 AM","Residential",39.33,"Cents/KWh"
"114","HELCO","Hawaii","05/31/2008 12:00:00 AM","Commercial",36.08,"Cents/KWh"
"115","HELCO","Hawaii","05/31/2008 12:00:00 AM","Street Lights",37.88,"Cents/KWh"
"116","HELCO","Hawaii","05/31/2008 12:00:00 AM","All Sectors",37.31,"Cents/KWh"
"117","KIUC","Kauai","05/31/2008 12:00:00 AM","Residential",43.38,"Cents/KWh"
"118","KIUC","Kauai","05/31/2008 12:00:00 AM","Commercial",42.05,"Cents/KWh"
"119","KIUC","Kauai","05/31/2008 12:00:00 AM","Street Lights",56.39,"Cents/KWh"
"120","KIUC","Kauai","05/31/2008 12:00:00 AM","All Sectors",42.58,"Cents/KWh"
"121","HECO","Oahu","06/30/2008 12:00:00 AM","Residential",29.69,"Cents/KWh"
"122","HECO","Oahu","06/30/2008 12:00:00 AM","Commercial",25.38,"Cents/KWh"
"123","HECO","Oahu","06/30/2008 12:00:00 AM","Street Lights",26.96,"Cents/KWh"
"124","HECO","Oahu","06/30/2008 12:00:00 AM","All Sectors",26.55,"Cents/KWh"
"125","MECO","Maui","06/30/2008 12:00:00 AM","Residential",38.9,"Cents/KWh"
"126","MECO","Maui","06/30/2008 12:00:00 AM","Commercial",36.95,"Cents/KWh"
"127","MECO","Maui","06/30/2008 12:00:00 AM","Street Lights",36.19,"Cents/KWh"
"128","MECO","Maui","06/30/2008 12:00:00 AM","All Sectors",37.61,"Cents/KWh"
"129","MECO","Lanai","06/30/2008 12:00:00 AM","Residential",44.2,"Cents/KWh"
"130","MECO","Lanai","06/30/2008 12:00:00 AM","Commercial",43.98,"Cents/KWh"
"131","MECO","Lanai","06/30/2008 12:00:00 AM","Street Lights",42.48,"Cents/KWh"
"132","MECO","Lanai","06/30/2008 12:00:00 AM","All Sectors",44.03,"Cents/KWh"
"133","MECO","Molokai","06/30/2008 12:00:00 AM","Residential",43.36,"Cents/KWh"
"134","MECO","Molokai","06/30/2008 12:00:00 AM","Commercial",42.62,"Cents/KWh"
"135","MECO","Molokai","06/30/2008 12:00:00 AM","Street Lights",41.46,"Cents/KWh"
"136","MECO","Molokai","06/30/2008 12:00:00 AM","All Sectors",42.87,"Cents/KWh"
"137","HELCO","Hawaii","06/30/2008 12:00:00 AM","Residential",39.66,"Cents/KWh"
"138","HELCO","Hawaii","06/30/2008 12:00:00 AM","Commercial",36.43,"Cents/KWh"
"139","HELCO","Hawaii","06/30/2008 12:00:00 AM","Street Lights",37.96,"Cents/KWh"
"140","HELCO","Hawaii","06/30/2008 12:00:00 AM","All Sectors",37.66,"Cents/KWh"
"141","KIUC","Kauai","06/30/2008 12:00:00 AM","Residential",46.64,"Cents/KWh"
"142","KIUC","Kauai","06/30/2008 12:00:00 AM","Commercial",44.92,"Cents/KWh"
"143","KIUC","Kauai","06/30/2008 12:00:00 AM","Street Lights",59.22,"Cents/KWh"
"144","KIUC","Kauai","06/30/2008 12:00:00 AM","All Sectors",45.59,"Cents/KWh"
"145","HECO","Oahu","07/31/2008 12:00:00 AM","Residential",30.92,"Cents/KWh"
"146","HECO","Oahu","07/31/2008 12:00:00 AM","Commercial",26.49,"Cents/KWh"
"147","HECO","Oahu","07/31/2008 12:00:00 AM","Street Lights",28.32,"Cents/KWh"
"148","HECO","Oahu","07/31/2008 12:00:00 AM","All Sectors",27.72,"Cents/KWh"
"149","MECO","Maui","07/31/2008 12:00:00 AM","Residential",41.26,"Cents/KWh"
"150","MECO","Maui","07/31/2008 12:00:00 AM","Commercial",39.19,"Cents/KWh"
"151","MECO","Maui","07/31/2008 12:00:00 AM","Street Lights",38.66,"Cents/KWh"
"152","MECO","Maui","07/31/2008 12:00:00 AM","All Sectors",39.91,"Cents/KWh"
"153","MECO","Lanai","07/31/2008 12:00:00 AM","Residential",48.83,"Cents/KWh"
"154","MECO","Lanai","07/31/2008 12:00:00 AM","Commercial",48.68,"Cents/KWh"
"155","MECO","Lanai","07/31/2008 12:00:00 AM","Street Lights",46.88,"Cents/KWh"
"156","MECO","Lanai","07/31/2008 12:00:00 AM","All Sectors",48.71,"Cents/KWh"
"157","MECO","Molokai","07/31/2008 12:00:00 AM","Residential",46.95,"Cents/KWh"
"158","MECO","Molokai","07/31/2008 12:00:00 AM","Commercial",46.18,"Cents/KWh"
"159","MECO","Molokai","07/31/2008 12:00:00 AM","Street Lights",44.99,"Cents/KWh"
"160","MECO","Molokai","07/31/2008 12:00:00 AM","All Sectors",46.44,"Cents/KWh"
"161","HELCO","Hawaii","07/31/2008 12:00:00 AM","Residential",42.84,"Cents/KWh"
"162","HELCO","Hawaii","07/31/2008 12:00:00 AM","Commercial",39.65,"Cents/KWh"
"163","HELCO","Hawaii","07/31/2008 12:00:00 AM","Street Lights",41.21,"Cents/KWh"
"164","HELCO","Hawaii","07/31/2008 12:00:00 AM","All Sectors",40.88,"Cents/KWh"
"165","KIUC","Kauai","07/31/2008 12:00:00 AM","Residential",49.12,"Cents/KWh"
"166","KIUC","Kauai","07/31/2008 12:00:00 AM","Commercial",48.6,"Cents/KWh"
"167","KIUC","Kauai","07/31/2008 12:00:00 AM","Street Lights",61.96,"Cents/KWh"
"168","KIUC","Kauai","07/31/2008 12:00:00 AM","All Sectors",48.86,"Cents/KWh"
"169","HECO","Oahu","08/31/2008 12:00:00 AM","Residential",32.29,"Cents/KWh"
"170","HECO","Oahu","08/31/2008 12:00:00 AM","Commercial",27.94,"Cents/KWh"
"171","HECO","Oahu","08/31/2008 12:00:00 AM","Street Lights",29.77,"Cents/KWh"
"172","HECO","Oahu","08/31/2008 12:00:00 AM","All Sectors",29.12,"Cents/KWh"
"173","MECO","Maui","08/31/2008 12:00:00 AM","Residential",40.74,"Cents/KWh"
"174","MECO","Maui","08/31/2008 12:00:00 AM","Commercial",38.98,"Cents/KWh"
"175","MECO","Maui","08/31/2008 12:00:00 AM","Street Lights",38.19,"Cents/KWh"
"176","MECO","Maui","08/31/2008 12:00:00 AM","All Sectors",39.59,"Cents/KWh"
"177","MECO","Lanai","08/31/2008 12:00:00 AM","Residential",50.75,"Cents/KWh"
"178","MECO","Lanai","08/31/2008 12:00:00 AM","Commercial",50.64,"Cents/KWh"
"179","MECO","Lanai","08/31/2008 12:00:00 AM","Street Lights",49.31,"Cents/KWh"
"180","MECO","Lanai","08/31/2008 12:00:00 AM","All Sectors",50.67,"Cents/KWh"
"181","MECO","Molokai","08/31/2008 12:00:00 AM","Residential",49.75,"Cents/KWh"
"182","MECO","Molokai","08/31/2008 12:00:00 AM","Commercial",49.05,"Cents/KWh"
"183","MECO","Molokai","08/31/2008 12:00:00 AM","Street Lights",47.75,"Cents/KWh"
"184","MECO","Molokai","08/31/2008 12:00:00 AM","All Sectors",49.28,"Cents/KWh"
"185","HELCO","Hawaii","08/31/2008 12:00:00 AM","Residential",43.81,"Cents/KWh"
"186","HELCO","Hawaii","08/31/2008 12:00:00 AM","Commercial",40.43,"Cents/KWh"
"187","HELCO","Hawaii","08/31/2008 12:00:00 AM","Street Lights",41.87,"Cents/KWh"
"188","HELCO","Hawaii","08/31/2008 12:00:00 AM","All Sectors",41.72,"Cents/KWh"
"189","KIUC","Kauai","08/31/2008 12:00:00 AM","Residential",49.53,"Cents/KWh"
"190","KIUC","Kauai","08/31/2008 12:00:00 AM","Commercial",48.98,"Cents/KWh"
"191","KIUC","Kauai","08/31/2008 12:00:00 AM","Street Lights",62.45,"Cents/KWh"
"192","KIUC","Kauai","08/31/2008 12:00:00 AM","All Sectors",49.24,"Cents/KWh"
"193","HECO","Oahu","09/30/2008 12:00:00 AM","Residential",33.59,"Cents/KWh"
"194","HECO","Oahu","09/30/2008 12:00:00 AM","Commercial",28.66,"Cents/KWh"
"195","HECO","Oahu","09/30/2008 12:00:00 AM","Street Lights",31.76,"Cents/KWh"
"196","HECO","Oahu","09/30/2008 12:00:00 AM","All Sectors",29.99,"Cents/KWh"
"197","MECO","Maui","09/30/2008 12:00:00 AM","Residential",41.43,"Cents/KWh"
"198","MECO","Maui","09/30/2008 12:00:00 AM","Commercial",39.43,"Cents/KWh"
"199","MECO","Maui","09/30/2008 12:00:00 AM","Street Lights",39.02,"Cents/KWh"
"200","MECO","Maui","09/30/2008 12:00:00 AM","All Sectors",40.11,"Cents/KWh"
"201","MECO","Lanai","09/30/2008 12:00:00 AM","Residential",50.73,"Cents/KWh"
"202","MECO","Lanai","09/30/2008 12:00:00 AM","Commercial",50.58,"Cents/KWh"
"203","MECO","Lanai","09/30/2008 12:00:00 AM","Street Lights",49.1,"Cents/KWh"
"204","MECO","Lanai","09/30/2008 12:00:00 AM","All Sectors",50.61,"Cents/KWh"
"205","MECO","Molokai","09/30/2008 12:00:00 AM","Residential",50.65,"Cents/KWh"
"206","MECO","Molokai","09/30/2008 12:00:00 AM","Commercial",50.2,"Cents/KWh"
"207","MECO","Molokai","09/30/2008 12:00:00 AM","Street Lights",48.82,"Cents/KWh"
"208","MECO","Molokai","09/30/2008 12:00:00 AM","All Sectors",50.34,"Cents/KWh"
"209","HELCO","Hawaii","09/30/2008 12:00:00 AM","Residential",45.28,"Cents/KWh"
"210","HELCO","Hawaii","09/30/2008 12:00:00 AM","Commercial",41.56,"Cents/KWh"
"211","HELCO","Hawaii","09/30/2008 12:00:00 AM","Street Lights",43.16,"Cents/KWh"
"212","HELCO","Hawaii","09/30/2008 12:00:00 AM","All Sectors",42.93,"Cents/KWh"
"213","KIUC","Kauai","09/30/2008 12:00:00 AM","Residential",46.04,"Cents/KWh"
"214","KIUC","Kauai","09/30/2008 12:00:00 AM","Commercial",46.49,"Cents/KWh"
"215","KIUC","Kauai","09/30/2008 12:00:00 AM","Street Lights",59.91,"Cents/KWh"
"216","KIUC","Kauai","09/30/2008 12:00:00 AM","All Sectors",46.41,"Cents/KWh"
"217","HECO","Oahu","10/31/2008 12:00:00 AM","Residential",32.15,"Cents/KWh"
"218","HECO","Oahu","10/31/2008 12:00:00 AM","Commercial",27.76,"Cents/KWh"
"219","HECO","Oahu","10/31/2008 12:00:00 AM","Street Lights",29.37,"Cents/KWh"
"220","HECO","Oahu","10/31/2008 12:00:00 AM","All Sectors",28.91,"Cents/KWh"
"221","MECO","Maui","10/31/2008 12:00:00 AM","Residential",40.49,"Cents/KWh"
"222","MECO","Maui","10/31/2008 12:00:00 AM","Commercial",38.68,"Cents/KWh"
"223","MECO","Maui","10/31/2008 12:00:00 AM","Street Lights",37.97,"Cents/KWh"
"224","MECO","Maui","10/31/2008 12:00:00 AM","All Sectors",39.3,"Cents/KWh"
"225","MECO","Lanai","10/31/2008 12:00:00 AM","Residential",48.97,"Cents/KWh"
"226","MECO","Lanai","10/31/2008 12:00:00 AM","Commercial",48.77,"Cents/KWh"
"227","MECO","Lanai","10/31/2008 12:00:00 AM","Street Lights",47.24,"Cents/KWh"
"228","MECO","Lanai","10/31/2008 12:00:00 AM","All Sectors",48.81,"Cents/KWh"
"229","MECO","Molokai","10/31/2008 12:00:00 AM","Residential",47.48,"Cents/KWh"
"230","MECO","Molokai","10/31/2008 12:00:00 AM","Commercial",47.46,"Cents/KWh"
"231","MECO","Molokai","10/31/2008 12:00:00 AM","Street Lights",45.31,"Cents/KWh"
"232","MECO","Molokai","10/31/2008 12:00:00 AM","All Sectors",47.43,"Cents/KWh"
"233","HELCO","Hawaii","10/31/2008 12:00:00 AM","Residential",45.07,"Cents/KWh"
"234","HELCO","Hawaii","10/31/2008 12:00:00 AM","Commercial",41.67,"Cents/KWh"
"235","HELCO","Hawaii","10/31/2008 12:00:00 AM","Street Lights",42.95,"Cents/KWh"
"236","HELCO","Hawaii","10/31/2008 12:00:00 AM","All Sectors",42.93,"Cents/KWh"
"237","KIUC","Kauai","10/31/2008 12:00:00 AM","Residential",43.31,"Cents/KWh"
"238","KIUC","Kauai","10/31/2008 12:00:00 AM","Commercial",42.86,"Cents/KWh"
"239","KIUC","Kauai","10/31/2008 12:00:00 AM","Street Lights",57.06,"Cents/KWh"
"240","KIUC","Kauai","10/31/2008 12:00:00 AM","All Sectors",43.1,"Cents/KWh"
"241","HECO","Oahu","11/30/2008 12:00:00 AM","Residential",29.85,"Cents/KWh"
"242","HECO","Oahu","11/30/2008 12:00:00 AM","Commercial",25.37,"Cents/KWh"
"243","HECO","Oahu","11/30/2008 12:00:00 AM","Street Lights",26.98,"Cents/KWh"
"244","HECO","Oahu","11/30/2008 12:00:00 AM","All Sectors",26.56,"Cents/KWh"
"245","MECO","Maui","11/30/2008 12:00:00 AM","Residential",37.5,"Cents/KWh"
"246","MECO","Maui","11/30/2008 12:00:00 AM","Commercial",35.76,"Cents/KWh"
"247","MECO","Maui","11/30/2008 12:00:00 AM","Street Lights",34.81,"Cents/KWh"
"248","MECO","Maui","11/30/2008 12:00:00 AM","All Sectors",36.36,"Cents/KWh"
"249","MECO","Lanai","11/30/2008 12:00:00 AM","Residential",46.98,"Cents/KWh"
"250","MECO","Lanai","11/30/2008 12:00:00 AM","Commercial",47.15,"Cents/KWh"
"251","MECO","Lanai","11/30/2008 12:00:00 AM","Street Lights",45.17,"Cents/KWh"
"252","MECO","Lanai","11/30/2008 12:00:00 AM","All Sectors",47.1,"Cents/KWh"
"253","MECO","Molokai","11/30/2008 12:00:00 AM","Residential",44.84,"Cents/KWh"
"254","MECO","Molokai","11/30/2008 12:00:00 AM","Commercial",44.72,"Cents/KWh"
"255","MECO","Molokai","11/30/2008 12:00:00 AM","Street Lights",42.66,"Cents/KWh"
"256","MECO","Molokai","11/30/2008 12:00:00 AM","All Sectors",44.73,"Cents/KWh"
"257","HELCO","Hawaii","11/30/2008 12:00:00 AM","Residential",43.68,"Cents/KWh"
"258","HELCO","Hawaii","11/30/2008 12:00:00 AM","Commercial",40.42,"Cents/KWh"
"259","HELCO","Hawaii","11/30/2008 12:00:00 AM","Street Lights",41.76,"Cents/KWh"
"260","HELCO","Hawaii","11/30/2008 12:00:00 AM","All Sectors",41.67,"Cents/KWh"
"261","KIUC","Kauai","11/30/2008 12:00:00 AM","Residential",38.53,"Cents/KWh"
"262","KIUC","Kauai","11/30/2008 12:00:00 AM","Commercial",38.28,"Cents/KWh"
"263","KIUC","Kauai","11/30/2008 12:00:00 AM","Street Lights",52.58,"Cents/KWh"
"264","KIUC","Kauai","11/30/2008 12:00:00 AM","All Sectors",38.45,"Cents/KWh"
"265","HECO","Oahu","12/31/2008 12:00:00 AM","Residential",26.97,"Cents/KWh"
"266","HECO","Oahu","12/31/2008 12:00:00 AM","Commercial",21.99,"Cents/KWh"
"267","HECO","Oahu","12/31/2008 12:00:00 AM","Street Lights",23.05,"Cents/KWh"
"268","HECO","Oahu","12/31/2008 12:00:00 AM","All Sectors",23.37,"Cents/KWh"
"269","MECO","Maui","12/31/2008 12:00:00 AM","Residential",31.7,"Cents/KWh"
"270","MECO","Maui","12/31/2008 12:00:00 AM","Commercial",29.57,"Cents/KWh"
"271","MECO","Maui","12/31/2008 12:00:00 AM","Street Lights",29.19,"Cents/KWh"
"272","MECO","Maui","12/31/2008 12:00:00 AM","All Sectors",30.35,"Cents/KWh"
"273","MECO","Lanai","12/31/2008 12:00:00 AM","Residential",45.15,"Cents/KWh"
"274","MECO","Lanai","12/31/2008 12:00:00 AM","Commercial",45.15,"Cents/KWh"
"275","MECO","Lanai","12/31/2008 12:00:00 AM","Street Lights",43.46,"Cents/KWh"
"276","MECO","Lanai","12/31/2008 12:00:00 AM","All Sectors",45.14,"Cents/KWh"
"277","MECO","Molokai","12/31/2008 12:00:00 AM","Residential",40.68,"Cents/KWh"
"278","MECO","Molokai","12/31/2008 12:00:00 AM","Commercial",40.98,"Cents/KWh"
"279","MECO","Molokai","12/31/2008 12:00:00 AM","Street Lights",38.64,"Cents/KWh"
"280","MECO","Molokai","12/31/2008 12:00:00 AM","All Sectors",40.82,"Cents/KWh"
"281","HELCO","Hawaii","12/31/2008 12:00:00 AM","Residential",38.07,"Cents/KWh"
"282","HELCO","Hawaii","12/31/2008 12:00:00 AM","Commercial",34.64,"Cents/KWh"
"283","HELCO","Hawaii","12/31/2008 12:00:00 AM","Street Lights",36.39,"Cents/KWh"
"284","HELCO","Hawaii","12/31/2008 12:00:00 AM","All Sectors",36,"Cents/KWh"
"285","KIUC","Kauai","12/31/2008 12:00:00 AM","Residential",25.4,"Cents/KWh"
"286","KIUC","Kauai","12/31/2008 12:00:00 AM","Commercial",25.33,"Cents/KWh"
"287","KIUC","Kauai","12/31/2008 12:00:00 AM","Street Lights",39.7,"Cents/KWh"
"288","KIUC","Kauai","12/31/2008 12:00:00 AM","All Sectors",25.45,"Cents/KWh"
"289","HECO","Oahu","01/31/2009 12:00:00 AM","Residential",22.71,"Cents/KWh"
"290","HECO","Oahu","01/31/2009 12:00:00 AM","Commercial",18.87,"Cents/KWh"
"291","HECO","Oahu","01/31/2009 12:00:00 AM","Street Lights",20.22,"Cents/KWh"
"292","HECO","Oahu","01/31/2009 12:00:00 AM","All Sectors",19.98,"Cents/KWh"
"293","MECO","Maui","01/31/2009 12:00:00 AM","Residential",27.94,"Cents/KWh"
"294","MECO","Maui","01/31/2009 12:00:00 AM","Commercial",26.28,"Cents/KWh"
"295","MECO","Maui","01/31/2009 12:00:00 AM","Street Lights",25.35,"Cents/KWh"
"296","MECO","Maui","01/31/2009 12:00:00 AM","All Sectors",26.91,"Cents/KWh"
"297","MECO","Lanai","01/31/2009 12:00:00 AM","Residential",34.52,"Cents/KWh"
"298","MECO","Lanai","01/31/2009 12:00:00 AM","Commercial",35.06,"Cents/KWh"
"299","MECO","Lanai","01/31/2009 12:00:00 AM","Street Lights",32.41,"Cents/KWh"
"300","MECO","Lanai","01/31/2009 12:00:00 AM","All Sectors",34.87,"Cents/KWh"
"301","MECO","Molokai","01/31/2009 12:00:00 AM","Residential",36.98,"Cents/KWh"
"302","MECO","Molokai","01/31/2009 12:00:00 AM","Commercial",37.6,"Cents/KWh"
"303","MECO","Molokai","01/31/2009 12:00:00 AM","Street Lights",35.77,"Cents/KWh"
"304","MECO","Molokai","01/31/2009 12:00:00 AM","All Sectors",37.32,"Cents/KWh"
"305","HELCO","Hawaii","01/31/2009 12:00:00 AM","Residential",35.95,"Cents/KWh"
"306","HELCO","Hawaii","01/31/2009 12:00:00 AM","Commercial",32.85,"Cents/KWh"
"307","HELCO","Hawaii","01/31/2009 12:00:00 AM","Street Lights",34.12,"Cents/KWh"
"308","HELCO","Hawaii","01/31/2009 12:00:00 AM","All Sectors",34.2,"Cents/KWh"
"309","KIUC","Kauai","01/31/2009 12:00:00 AM","Residential",26.46,"Cents/KWh"
"310","KIUC","Kauai","01/31/2009 12:00:00 AM","Commercial",25.74,"Cents/KWh"
"311","KIUC","Kauai","01/31/2009 12:00:00 AM","Street Lights",39.83,"Cents/KWh"
"312","KIUC","Kauai","01/31/2009 12:00:00 AM","All Sectors",26.11,"Cents/KWh"
"313","HECO","Oahu","02/28/2009 12:00:00 AM","Residential",20.61,"Cents/KWh"
"314","HECO","Oahu","02/28/2009 12:00:00 AM","Commercial",16.81,"Cents/KWh"
"315","HECO","Oahu","02/28/2009 12:00:00 AM","Street Lights",17.82,"Cents/KWh"
"316","HECO","Oahu","02/28/2009 12:00:00 AM","All Sectors",17.84,"Cents/KWh"
"317","MECO","Maui","02/28/2009 12:00:00 AM","Residential",24.32,"Cents/KWh"
"318","MECO","Maui","02/28/2009 12:00:00 AM","Commercial",22.92,"Cents/KWh"
"319","MECO","Maui","02/28/2009 12:00:00 AM","Street Lights",21.55,"Cents/KWh"
"320","MECO","Maui","02/28/2009 12:00:00 AM","All Sectors",23.42,"Cents/KWh"
"321","MECO","Lanai","02/28/2009 12:00:00 AM","Residential",32.4,"Cents/KWh"
"322","MECO","Lanai","02/28/2009 12:00:00 AM","Commercial",33.72,"Cents/KWh"
"323","MECO","Lanai","02/28/2009 12:00:00 AM","Street Lights",31.15,"Cents/KWh"
"324","MECO","Lanai","02/28/2009 12:00:00 AM","All Sectors",33.31,"Cents/KWh"
"325","MECO","Molokai","02/28/2009 12:00:00 AM","Residential",34.97,"Cents/KWh"
"326","MECO","Molokai","02/28/2009 12:00:00 AM","Commercial",35.78,"Cents/KWh"
"327","MECO","Molokai","02/28/2009 12:00:00 AM","Street Lights",33.12,"Cents/KWh"
"328","MECO","Molokai","02/28/2009 12:00:00 AM","All Sectors",35.41,"Cents/KWh"
"329","HELCO","Hawaii","02/28/2009 12:00:00 AM","Residential",33.41,"Cents/KWh"
"330","HELCO","Hawaii","02/28/2009 12:00:00 AM","Commercial",30.6,"Cents/KWh"
"331","HELCO","Hawaii","02/28/2009 12:00:00 AM","Street Lights",31.12,"Cents/KWh"
"332","HELCO","Hawaii","02/28/2009 12:00:00 AM","All Sectors",31.72,"Cents/KWh"
"333","KIUC","Kauai","02/28/2009 12:00:00 AM","Residential",26.79,"Cents/KWh"
"334","KIUC","Kauai","02/28/2009 12:00:00 AM","Commercial",26.32,"Cents/KWh"
"335","KIUC","Kauai","02/28/2009 12:00:00 AM","Street Lights",39.66,"Cents/KWh"
"336","KIUC","Kauai","02/28/2009 12:00:00 AM","All Sectors",26.59,"Cents/KWh"
"337","HECO","Oahu","03/31/2009 12:00:00 AM","Residential",18.56,"Cents/KWh"
"338","HECO","Oahu","03/31/2009 12:00:00 AM","Commercial",15.22,"Cents/KWh"
"339","HECO","Oahu","03/31/2009 12:00:00 AM","Street Lights",13,"Cents/KWh"
"340","HECO","Oahu","03/31/2009 12:00:00 AM","All Sectors",16.13,"Cents/KWh"
"341","MECO","Maui","03/31/2009 12:00:00 AM","Residential",23.46,"Cents/KWh"
"342","MECO","Maui","03/31/2009 12:00:00 AM","Commercial",22.29,"Cents/KWh"
"343","MECO","Maui","03/31/2009 12:00:00 AM","Street Lights",20.91,"Cents/KWh"
"344","MECO","Maui","03/31/2009 12:00:00 AM","All Sectors",22.71,"Cents/KWh"
"345","MECO","Lanai","03/31/2009 12:00:00 AM","Residential",30.69,"Cents/KWh"
"346","MECO","Lanai","03/31/2009 12:00:00 AM","Commercial",31.35,"Cents/KWh"
"347","MECO","Lanai","03/31/2009 12:00:00 AM","Street Lights",29.71,"Cents/KWh"
"348","MECO","Lanai","03/31/2009 12:00:00 AM","All Sectors",31.14,"Cents/KWh"
"349","MECO","Molokai","03/31/2009 12:00:00 AM","Residential",31.93,"Cents/KWh"
"350","MECO","Molokai","03/31/2009 12:00:00 AM","Commercial",32.58,"Cents/KWh"
"351","MECO","Molokai","03/31/2009 12:00:00 AM","Street Lights",30.32,"Cents/KWh"
"352","MECO","Molokai","03/31/2009 12:00:00 AM","All Sectors",32.29,"Cents/KWh"
"353","HELCO","Hawaii","03/31/2009 12:00:00 AM","Residential",30.18,"Cents/KWh"
"354","HELCO","Hawaii","03/31/2009 12:00:00 AM","Commercial",27.52,"Cents/KWh"
"355","HELCO","Hawaii","03/31/2009 12:00:00 AM","Street Lights",28.94,"Cents/KWh"
"356","HELCO","Hawaii","03/31/2009 12:00:00 AM","All Sectors",28.63,"Cents/KWh"
"357","KIUC","Kauai","03/31/2009 12:00:00 AM","Residential",27.35,"Cents/KWh"
"358","KIUC","Kauai","03/31/2009 12:00:00 AM","Commercial",27.2,"Cents/KWh"
"359","KIUC","Kauai","03/31/2009 12:00:00 AM","Street Lights",40.13,"Cents/KWh"
"360","KIUC","Kauai","03/31/2009 12:00:00 AM","All Sectors",27.35,"Cents/KWh"
"361","HECO","Oahu","04/30/2009 12:00:00 AM","Residential",19.02,"Cents/KWh"
"362","HECO","Oahu","04/30/2009 12:00:00 AM","Commercial",15.19,"Cents/KWh"
"363","HECO","Oahu","04/30/2009 12:00:00 AM","Street Lights",16.31,"Cents/KWh"
"364","HECO","Oahu","04/30/2009 12:00:00 AM","All Sectors",16.23,"Cents/KWh"
"365","MECO","Maui","04/30/2009 12:00:00 AM","Residential",23.43,"Cents/KWh"
"366","MECO","Maui","04/30/2009 12:00:00 AM","Commercial",21.72,"Cents/KWh"
"367","MECO","Maui","04/30/2009 12:00:00 AM","Street Lights",20.73,"Cents/KWh"
"368","MECO","Maui","04/30/2009 12:00:00 AM","All Sectors",22.33,"Cents/KWh"
"369","MECO","Lanai","04/30/2009 12:00:00 AM","Residential",30.46,"Cents/KWh"
"370","MECO","Lanai","04/30/2009 12:00:00 AM","Commercial",31.21,"Cents/KWh"
"371","MECO","Lanai","04/30/2009 12:00:00 AM","Street Lights",29.3,"Cents/KWh"
"372","MECO","Lanai","04/30/2009 12:00:00 AM","All Sectors",30.97,"Cents/KWh"
"373","MECO","Molokai","04/30/2009 12:00:00 AM","Residential",30.31,"Cents/KWh"
"374","MECO","Molokai","04/30/2009 12:00:00 AM","Commercial",30.36,"Cents/KWh"
"375","MECO","Molokai","04/30/2009 12:00:00 AM","Street Lights",28.76,"Cents/KWh"
"376","MECO","Molokai","04/30/2009 12:00:00 AM","All Sectors",30.31,"Cents/KWh"
"377","HELCO","Hawaii","04/30/2009 12:00:00 AM","Residential",32.59,"Cents/KWh"
"378","HELCO","Hawaii","04/30/2009 12:00:00 AM","Commercial",27.4,"Cents/KWh"
"379","HELCO","Hawaii","04/30/2009 12:00:00 AM","Street Lights",29.68,"Cents/KWh"
"380","HELCO","Hawaii","04/30/2009 12:00:00 AM","All Sectors",29.5,"Cents/KWh"
"381","KIUC","Kauai","04/30/2009 12:00:00 AM","Residential",27.06,"Cents/KWh"
"382","KIUC","Kauai","04/30/2009 12:00:00 AM","Commercial",26.65,"Cents/KWh"
"383","KIUC","Kauai","04/30/2009 12:00:00 AM","Street Lights",39.94,"Cents/KWh"
"384","KIUC","Kauai","04/30/2009 12:00:00 AM","All Sectors",26.89,"Cents/KWh"
"385","HECO","Oahu","05/31/2009 12:00:00 AM","Residential",19.11,"Cents/KWh"
"386","HECO","Oahu","05/31/2009 12:00:00 AM","Commercial",15.25,"Cents/KWh"
"387","HECO","Oahu","05/31/2009 12:00:00 AM","Street Lights",16.62,"Cents/KWh"
"388","HECO","Oahu","05/31/2009 12:00:00 AM","All Sectors",16.29,"Cents/KWh"
"389","MECO","Maui","05/31/2009 12:00:00 AM","Residential",23.29,"Cents/KWh"
"390","MECO","Maui","05/31/2009 12:00:00 AM","Commercial",21.1,"Cents/KWh"
"391","MECO","Maui","05/31/2009 12:00:00 AM","Street Lights",20.47,"Cents/KWh"
"392","MECO","Maui","05/31/2009 12:00:00 AM","All Sectors",21.87,"Cents/KWh"
"393","MECO","Lanai","05/31/2009 12:00:00 AM","Residential",29.55,"Cents/KWh"
"394","MECO","Lanai","05/31/2009 12:00:00 AM","Commercial",30.37,"Cents/KWh"
"395","MECO","Lanai","05/31/2009 12:00:00 AM","Street Lights",28.31,"Cents/KWh"
"396","MECO","Lanai","05/31/2009 12:00:00 AM","All Sectors",30.12,"Cents/KWh"
"397","MECO","Molokai","05/31/2009 12:00:00 AM","Residential",29.49,"Cents/KWh"
"398","MECO","Molokai","05/31/2009 12:00:00 AM","Commercial",29.92,"Cents/KWh"
"399","MECO","Molokai","05/31/2009 12:00:00 AM","Street Lights",27.75,"Cents/KWh"
"400","MECO","Molokai","05/31/2009 12:00:00 AM","All Sectors",29.72,"Cents/KWh"
"401","HELCO","Hawaii","05/31/2009 12:00:00 AM","Residential",31.79,"Cents/KWh"
"402","HELCO","Hawaii","05/31/2009 12:00:00 AM","Commercial",28.05,"Cents/KWh"
"403","HELCO","Hawaii","05/31/2009 12:00:00 AM","Street Lights",29.31,"Cents/KWh"
"404","HELCO","Hawaii","05/31/2009 12:00:00 AM","All Sectors",29.49,"Cents/KWh"
"405","KIUC","Kauai","05/31/2009 12:00:00 AM","Residential",28.58,"Cents/KWh"
"406","KIUC","Kauai","05/31/2009 12:00:00 AM","Commercial",27.86,"Cents/KWh"
"407","KIUC","Kauai","05/31/2009 12:00:00 AM","Street Lights",40.96,"Cents/KWh"
"408","KIUC","Kauai","05/31/2009 12:00:00 AM","All Sectors",28.22,"Cents/KWh"
"409","HECO","Oahu","06/30/2009 12:00:00 AM","Residential",19.55,"Cents/KWh"
"410","HECO","Oahu","06/30/2009 12:00:00 AM","Commercial",15.46,"Cents/KWh"
"411","HECO","Oahu","06/30/2009 12:00:00 AM","Street Lights",17.22,"Cents/KWh"
"412","HECO","Oahu","06/30/2009 12:00:00 AM","All Sectors",16.6,"Cents/KWh"
"413","MECO","Maui","06/30/2009 12:00:00 AM","Residential",24.69,"Cents/KWh"
"414","MECO","Maui","06/30/2009 12:00:00 AM","Commercial",22.08,"Cents/KWh"
"415","MECO","Maui","06/30/2009 12:00:00 AM","Street Lights",22.28,"Cents/KWh"
"416","MECO","Maui","06/30/2009 12:00:00 AM","All Sectors",22.99,"Cents/KWh"
"417","MECO","Lanai","06/30/2009 12:00:00 AM","Residential",30.32,"Cents/KWh"
"418","MECO","Lanai","06/30/2009 12:00:00 AM","Commercial",30.51,"Cents/KWh"
"419","MECO","Lanai","06/30/2009 12:00:00 AM","Street Lights",29.34,"Cents/KWh"
"420","MECO","Lanai","06/30/2009 12:00:00 AM","All Sectors",30.45,"Cents/KWh"
"421","MECO","Molokai","06/30/2009 12:00:00 AM","Residential",29.53,"Cents/KWh"
"422","MECO","Molokai","06/30/2009 12:00:00 AM","Commercial",29.36,"Cents/KWh"
"423","MECO","Molokai","06/30/2009 12:00:00 AM","Street Lights",28.01,"Cents/KWh"
"424","MECO","Molokai","06/30/2009 12:00:00 AM","All Sectors",29.41,"Cents/KWh"
"425","HELCO","Hawaii","06/30/2009 12:00:00 AM","Residential",30.15,"Cents/KWh"
"426","HELCO","Hawaii","06/30/2009 12:00:00 AM","Commercial",25.65,"Cents/KWh"
"427","HELCO","Hawaii","06/30/2009 12:00:00 AM","Street Lights",28.06,"Cents/KWh"
"428","HELCO","Hawaii","06/30/2009 12:00:00 AM","All Sectors",27.34,"Cents/KWh"
"429","KIUC","Kauai","06/30/2009 12:00:00 AM","Residential",28.79,"Cents/KWh"
"430","KIUC","Kauai","06/30/2009 12:00:00 AM","Commercial",28.05,"Cents/KWh"
"431","KIUC","Kauai","06/30/2009 12:00:00 AM","Street Lights",41.91,"Cents/KWh"
"432","KIUC","Kauai","06/30/2009 12:00:00 AM","All Sectors",28.4,"Cents/KWh"
"433","HECO","Oahu","07/31/2009 12:00:00 AM","Residential",20.1,"Cents/KWh"
"434","HECO","Oahu","07/31/2009 12:00:00 AM","Commercial",16.35,"Cents/KWh"
"435","HECO","Oahu","07/31/2009 12:00:00 AM","Street Lights",18.11,"Cents/KWh"
"436","HECO","Oahu","07/31/2009 12:00:00 AM","All Sectors",17.38,"Cents/KWh"
"437","MECO","Maui","07/31/2009 12:00:00 AM","Residential",24.25,"Cents/KWh"
"438","MECO","Maui","07/31/2009 12:00:00 AM","Commercial",22.56,"Cents/KWh"
"439","MECO","Maui","07/31/2009 12:00:00 AM","Street Lights",22.29,"Cents/KWh"
"440","MECO","Maui","07/31/2009 12:00:00 AM","All Sectors",23.15,"Cents/KWh"
"441","MECO","Lanai","07/31/2009 12:00:00 AM","Residential",31.69,"Cents/KWh"
"442","MECO","Lanai","07/31/2009 12:00:00 AM","Commercial",32.29,"Cents/KWh"
"443","MECO","Lanai","07/31/2009 12:00:00 AM","Street Lights",30.74,"Cents/KWh"
"444","MECO","Lanai","07/31/2009 12:00:00 AM","All Sectors",32.12,"Cents/KWh"
"445","MECO","Molokai","07/31/2009 12:00:00 AM","Residential",29.51,"Cents/KWh"
"446","MECO","Molokai","07/31/2009 12:00:00 AM","Commercial",30.36,"Cents/KWh"
"447","MECO","Molokai","07/31/2009 12:00:00 AM","Street Lights",28.07,"Cents/KWh"
"448","MECO","Molokai","07/31/2009 12:00:00 AM","All Sectors",29.99,"Cents/KWh"
"449","HELCO","Hawaii","07/31/2009 12:00:00 AM","Residential",32.15,"Cents/KWh"
"450","HELCO","Hawaii","07/31/2009 12:00:00 AM","Commercial",29.12,"Cents/KWh"
"451","HELCO","Hawaii","07/31/2009 12:00:00 AM","Street Lights",30.97,"Cents/KWh"
"452","HELCO","Hawaii","07/31/2009 12:00:00 AM","All Sectors",30.3,"Cents/KWh"
"453","KIUC","Kauai","07/31/2009 12:00:00 AM","Residential",31.06,"Cents/KWh"
"454","KIUC","Kauai","07/31/2009 12:00:00 AM","Commercial",29.7,"Cents/KWh"
"455","KIUC","Kauai","07/31/2009 12:00:00 AM","Street Lights",43.7,"Cents/KWh"
"456","KIUC","Kauai","07/31/2009 12:00:00 AM","All Sectors",30.28,"Cents/KWh"
"457","HECO","Oahu","08/31/2009 12:00:00 AM","Residential",22.67,"Cents/KWh"
"458","HECO","Oahu","08/31/2009 12:00:00 AM","Commercial",18.67,"Cents/KWh"
"459","HECO","Oahu","08/31/2009 12:00:00 AM","Street Lights",20.48,"Cents/KWh"
"460","HECO","Oahu","08/31/2009 12:00:00 AM","All Sectors",19.78,"Cents/KWh"
"461","MECO","Maui","08/31/2009 12:00:00 AM","Residential",26.2,"Cents/KWh"
"462","MECO","Maui","08/31/2009 12:00:00 AM","Commercial",24.72,"Cents/KWh"
"463","MECO","Maui","08/31/2009 12:00:00 AM","Street Lights",24.32,"Cents/KWh"
"464","MECO","Maui","08/31/2009 12:00:00 AM","All Sectors",25.25,"Cents/KWh"
"465","MECO","Lanai","08/31/2009 12:00:00 AM","Residential",33.13,"Cents/KWh"
"466","MECO","Lanai","08/31/2009 12:00:00 AM","Commercial",33.78,"Cents/KWh"
"467","MECO","Lanai","08/31/2009 12:00:00 AM","Street Lights",31.95,"Cents/KWh"
"468","MECO","Lanai","08/31/2009 12:00:00 AM","All Sectors",33.58,"Cents/KWh"
"469","MECO","Molokai","08/31/2009 12:00:00 AM","Residential",31.24,"Cents/KWh"
"470","MECO","Molokai","08/31/2009 12:00:00 AM","Commercial",31.68,"Cents/KWh"
"471","MECO","Molokai","08/31/2009 12:00:00 AM","Street Lights",29.73,"Cents/KWh"
"472","MECO","Molokai","08/31/2009 12:00:00 AM","All Sectors",31.47,"Cents/KWh"
"473","HELCO","Hawaii","08/31/2009 12:00:00 AM","Residential",33.05,"Cents/KWh"
"474","HELCO","Hawaii","08/31/2009 12:00:00 AM","Commercial",29.79,"Cents/KWh"
"475","HELCO","Hawaii","08/31/2009 12:00:00 AM","Street Lights",31.6,"Cents/KWh"
"476","HELCO","Hawaii","08/31/2009 12:00:00 AM","All Sectors",31.05,"Cents/KWh"
"477","KIUC","Kauai","08/31/2009 12:00:00 AM","Residential",32.14,"Cents/KWh"
"478","KIUC","Kauai","08/31/2009 12:00:00 AM","Commercial",30.64,"Cents/KWh"
"479","KIUC","Kauai","08/31/2009 12:00:00 AM","Street Lights",44.95,"Cents/KWh"
"480","KIUC","Kauai","08/31/2009 12:00:00 AM","All Sectors",31.26,"Cents/KWh"
"481","HECO","Oahu","09/30/2009 12:00:00 AM","Residential",23.73,"Cents/KWh"
"482","HECO","Oahu","09/30/2009 12:00:00 AM","Commercial",19.53,"Cents/KWh"
"483","HECO","Oahu","09/30/2009 12:00:00 AM","Street Lights",22.07,"Cents/KWh"
"484","HECO","Oahu","09/30/2009 12:00:00 AM","All Sectors",20.68,"Cents/KWh"
"485","MECO","Maui","09/30/2009 12:00:00 AM","Residential",25.91,"Cents/KWh"
"486","MECO","Maui","09/30/2009 12:00:00 AM","Commercial",24.28,"Cents/KWh"
"487","MECO","Maui","09/30/2009 12:00:00 AM","Street Lights",23.94,"Cents/KWh"
"488","MECO","Maui","09/30/2009 12:00:00 AM","All Sectors",24.85,"Cents/KWh"
"489","MECO","Lanai","09/30/2009 12:00:00 AM","Residential",33.5,"Cents/KWh"
"490","MECO","Lanai","09/30/2009 12:00:00 AM","Commercial",33.82,"Cents/KWh"
"491","MECO","Lanai","09/30/2009 12:00:00 AM","Street Lights",32.45,"Cents/KWh"
"492","MECO","Lanai","09/30/2009 12:00:00 AM","All Sectors",33.73,"Cents/KWh"
"493","MECO","Molokai","09/30/2009 12:00:00 AM","Residential",31.64,"Cents/KWh"
"494","MECO","Molokai","09/30/2009 12:00:00 AM","Commercial",31.92,"Cents/KWh"
"495","MECO","Molokai","09/30/2009 12:00:00 AM","Street Lights",30.25,"Cents/KWh"
"496","MECO","Molokai","09/30/2009 12:00:00 AM","All Sectors",31.79,"Cents/KWh"
"497","HELCO","Hawaii","09/30/2009 12:00:00 AM","Residential",30.71,"Cents/KWh"
"498","HELCO","Hawaii","09/30/2009 12:00:00 AM","Commercial",27.76,"Cents/KWh"
"499","HELCO","Hawaii","09/30/2009 12:00:00 AM","Street Lights",29.33,"Cents/KWh"
"500","HELCO","Hawaii","09/30/2009 12:00:00 AM","All Sectors",28.88,"Cents/KWh"
"501","KIUC","Kauai","09/30/2009 12:00:00 AM","Residential",32.69,"Cents/KWh"
"502","KIUC","Kauai","09/30/2009 12:00:00 AM","Commercial",31.44,"Cents/KWh"
"503","KIUC","Kauai","09/30/2009 12:00:00 AM","Street Lights",45.63,"Cents/KWh"
"504","KIUC","Kauai","09/30/2009 12:00:00 AM","All Sectors",31.97,"Cents/KWh"
"505","HECO","Oahu","10/31/2009 12:00:00 AM","Residential",24.06,"Cents/KWh"
"506","HECO","Oahu","10/31/2009 12:00:00 AM","Commercial",20.13,"Cents/KWh"
"507","HECO","Oahu","10/31/2009 12:00:00 AM","Street Lights",22.13,"Cents/KWh"
"508","HECO","Oahu","10/31/2009 12:00:00 AM","All Sectors",21.22,"Cents/KWh"
"509","MECO","Maui","10/31/2009 12:00:00 AM","Residential",26.96,"Cents/KWh"
"510","MECO","Maui","10/31/2009 12:00:00 AM","Commercial",25.38,"Cents/KWh"
"511","MECO","Maui","10/31/2009 12:00:00 AM","Street Lights",24.95,"Cents/KWh"
"512","MECO","Maui","10/31/2009 12:00:00 AM","All Sectors",25.93,"Cents/KWh"
"513","MECO","Lanai","10/31/2009 12:00:00 AM","Residential",34.92,"Cents/KWh"
"514","MECO","Lanai","10/31/2009 12:00:00 AM","Commercial",35.93,"Cents/KWh"
"515","MECO","Lanai","10/31/2009 12:00:00 AM","Street Lights",34.01,"Cents/KWh"
"516","MECO","Lanai","10/31/2009 12:00:00 AM","All Sectors",35.61,"Cents/KWh"
"517","MECO","Molokai","10/31/2009 12:00:00 AM","Residential",33.1,"Cents/KWh"
"518","MECO","Molokai","10/31/2009 12:00:00 AM","Commercial",33.4,"Cents/KWh"
"519","MECO","Molokai","10/31/2009 12:00:00 AM","Street Lights",31.64,"Cents/KWh"
"520","MECO","Molokai","10/31/2009 12:00:00 AM","All Sectors",33.26,"Cents/KWh"
"521","HELCO","Hawaii","10/31/2009 12:00:00 AM","Residential",34.87,"Cents/KWh"
"522","HELCO","Hawaii","10/31/2009 12:00:00 AM","Commercial",31.7,"Cents/KWh"
"523","HELCO","Hawaii","10/31/2009 12:00:00 AM","Street Lights",33.43,"Cents/KWh"
"524","HELCO","Hawaii","10/31/2009 12:00:00 AM","All Sectors",32.89,"Cents/KWh"
"525","KIUC","Kauai","10/31/2009 12:00:00 AM","Residential",33.54,"Cents/KWh"
"526","KIUC","Kauai","10/31/2009 12:00:00 AM","Commercial",32.59,"Cents/KWh"
"527","KIUC","Kauai","10/31/2009 12:00:00 AM","Street Lights",46.6,"Cents/KWh"
"528","KIUC","Kauai","10/31/2009 12:00:00 AM","All Sectors",33.02,"Cents/KWh"
"529","HECO","Oahu","11/30/2009 12:00:00 AM","Residential",23.67,"Cents/KWh"
"530","HECO","Oahu","11/30/2009 12:00:00 AM","Commercial",19.55,"Cents/KWh"
"531","HECO","Oahu","11/30/2009 12:00:00 AM","Street Lights",21.67,"Cents/KWh"
"532","HECO","Oahu","11/30/2009 12:00:00 AM","All Sectors",20.7,"Cents/KWh"
"533","MECO","Maui","11/30/2009 12:00:00 AM","Residential",27.29,"Cents/KWh"
"534","MECO","Maui","11/30/2009 12:00:00 AM","Commercial",25.84,"Cents/KWh"
"535","MECO","Maui","11/30/2009 12:00:00 AM","Street Lights",25.29,"Cents/KWh"
"536","MECO","Maui","11/30/2009 12:00:00 AM","All Sectors",26.35,"Cents/KWh"
"537","MECO","Lanai","11/30/2009 12:00:00 AM","Residential",34.61,"Cents/KWh"
"538","MECO","Lanai","11/30/2009 12:00:00 AM","Commercial",34.81,"Cents/KWh"
"539","MECO","Lanai","11/30/2009 12:00:00 AM","Street Lights",33.64,"Cents/KWh"
"540","MECO","Lanai","11/30/2009 12:00:00 AM","All Sectors",34.75,"Cents/KWh"
"541","MECO","Molokai","11/30/2009 12:00:00 AM","Residential",33.24,"Cents/KWh"
"542","MECO","Molokai","11/30/2009 12:00:00 AM","Commercial",33.93,"Cents/KWh"
"543","MECO","Molokai","11/30/2009 12:00:00 AM","Street Lights",31.77,"Cents/KWh"
"544","MECO","Molokai","11/30/2009 12:00:00 AM","All Sectors",33.63,"Cents/KWh"
"545","HELCO","Hawaii","11/30/2009 12:00:00 AM","Residential",34.57,"Cents/KWh"
"546","HELCO","Hawaii","11/30/2009 12:00:00 AM","Commercial",31.53,"Cents/KWh"
"547","HELCO","Hawaii","11/30/2009 12:00:00 AM","Street Lights",33.01,"Cents/KWh"
"548","HELCO","Hawaii","11/30/2009 12:00:00 AM","All Sectors",32.71,"Cents/KWh"
"549","KIUC","Kauai","11/30/2009 12:00:00 AM","Residential",33.2,"Cents/KWh"
"550","KIUC","Kauai","11/30/2009 12:00:00 AM","Commercial",31.96,"Cents/KWh"
"551","KIUC","Kauai","11/30/2009 12:00:00 AM","Street Lights",46.11,"Cents/KWh"
"552","KIUC","Kauai","11/30/2009 12:00:00 AM","All Sectors",32.48,"Cents/KWh"
"553","HECO","Oahu","12/31/2009 12:00:00 AM","Residential",23.75,"Cents/KWh"
"554","HECO","Oahu","12/31/2009 12:00:00 AM","Commercial",19.74,"Cents/KWh"
"555","HECO","Oahu","12/31/2009 12:00:00 AM","Street Lights",21.58,"Cents/KWh"
"556","HECO","Oahu","12/31/2009 12:00:00 AM","All Sectors",20.85,"Cents/KWh"
"557","MECO","Maui","12/31/2009 12:00:00 AM","Residential",28.33,"Cents/KWh"
"558","MECO","Maui","12/31/2009 12:00:00 AM","Commercial",26.96,"Cents/KWh"
"559","MECO","Maui","12/31/2009 12:00:00 AM","Street Lights",26.32,"Cents/KWh"
"560","MECO","Maui","12/31/2009 12:00:00 AM","All Sectors",27.46,"Cents/KWh"
"561","MECO","Lanai","12/31/2009 12:00:00 AM","Residential",35.4,"Cents/KWh"
"562","MECO","Lanai","12/31/2009 12:00:00 AM","Commercial",35.93,"Cents/KWh"
"563","MECO","Lanai","12/31/2009 12:00:00 AM","Street Lights",34.46,"Cents/KWh"
"564","MECO","Lanai","12/31/2009 12:00:00 AM","All Sectors",35.76,"Cents/KWh"
"565","MECO","Molokai","12/31/2009 12:00:00 AM","Residential",33.19,"Cents/KWh"
"566","MECO","Molokai","12/31/2009 12:00:00 AM","Commercial",34.11,"Cents/KWh"
"567","MECO","Molokai","12/31/2009 12:00:00 AM","Street Lights",31.81,"Cents/KWh"
"568","MECO","Molokai","12/31/2009 12:00:00 AM","All Sectors",33.7,"Cents/KWh"
"569","HELCO","Hawaii","12/31/2009 12:00:00 AM","Residential",32.51,"Cents/KWh"
"570","HELCO","Hawaii","12/31/2009 12:00:00 AM","Commercial",29.55,"Cents/KWh"
"571","HELCO","Hawaii","12/31/2009 12:00:00 AM","Street Lights",31.23,"Cents/KWh"
"572","HELCO","Hawaii","12/31/2009 12:00:00 AM","All Sectors",30.75,"Cents/KWh"
"573","KIUC","Kauai","12/31/2009 12:00:00 AM","Residential",33.24,"Cents/KWh"
"574","KIUC","Kauai","12/31/2009 12:00:00 AM","Commercial",31.84,"Cents/KWh"
"575","KIUC","Kauai","12/31/2009 12:00:00 AM","Street Lights",45.91,"Cents/KWh"
"576","KIUC","Kauai","12/31/2009 12:00:00 AM","All Sectors",32.45,"Cents/KWh"
"577","HECO","Oahu","01/31/2010 12:00:00 AM","Residential",23.5,"Cents/KWh"
"578","HECO","Oahu","01/31/2010 12:00:00 AM","Commercial",19.62,"Cents/KWh"
"579","HECO","Oahu","01/31/2010 12:00:00 AM","Street Lights",21.52,"Cents/KWh"
"580","HECO","Oahu","01/31/2010 12:00:00 AM","All Sectors",20.74,"Cents/KWh"
"581","MECO","Maui","01/31/2010 12:00:00 AM","Residential",28.74,"Cents/KWh"
"582","MECO","Maui","01/31/2010 12:00:00 AM","Commercial",27.5,"Cents/KWh"
"583","MECO","Maui","01/31/2010 12:00:00 AM","Street Lights",26.72,"Cents/KWh"
"584","MECO","Maui","01/31/2010 12:00:00 AM","All Sectors",27.96,"Cents/KWh"
"585","MECO","Lanai","01/31/2010 12:00:00 AM","Residential",34.93,"Cents/KWh"
"586","MECO","Lanai","01/31/2010 12:00:00 AM","Commercial",35.98,"Cents/KWh"
"587","MECO","Lanai","01/31/2010 12:00:00 AM","Street Lights",34.14,"Cents/KWh"
"588","MECO","Lanai","01/31/2010 12:00:00 AM","All Sectors",35.63,"Cents/KWh"
"589","MECO","Molokai","01/31/2010 12:00:00 AM","Residential",33.5,"Cents/KWh"
"590","MECO","Molokai","01/31/2010 12:00:00 AM","Commercial",34.3,"Cents/KWh"
"591","MECO","Molokai","01/31/2010 12:00:00 AM","Street Lights",32.15,"Cents/KWh"
"592","MECO","Molokai","01/31/2010 12:00:00 AM","All Sectors",33.93,"Cents/KWh"
"593","HELCO","Hawaii","01/31/2010 12:00:00 AM","Residential",35.49,"Cents/KWh"
"594","HELCO","Hawaii","01/31/2010 12:00:00 AM","Commercial",32.86,"Cents/KWh"
"595","HELCO","Hawaii","01/31/2010 12:00:00 AM","Street Lights",34.19,"Cents/KWh"
"596","HELCO","Hawaii","01/31/2010 12:00:00 AM","All Sectors",33.95,"Cents/KWh"
"597","KIUC","Kauai","01/31/2010 12:00:00 AM","Residential",35.28,"Cents/KWh"
"598","KIUC","Kauai","01/31/2010 12:00:00 AM","Commercial",34.25,"Cents/KWh"
"599","KIUC","Kauai","01/31/2010 12:00:00 AM","Street Lights",48.35,"Cents/KWh"
"600","KIUC","Kauai","01/31/2010 12:00:00 AM","All Sectors",34.73,"Cents/KWh"
"601","HECO","Oahu","02/28/2010 12:00:00 AM","Residential",24.33,"Cents/KWh"
"602","HECO","Oahu","02/28/2010 12:00:00 AM","Commercial",20.69,"Cents/KWh"
"603","HECO","Oahu","02/28/2010 12:00:00 AM","Street Lights",22.35,"Cents/KWh"
"604","HECO","Oahu","02/28/2010 12:00:00 AM","All Sectors",21.68,"Cents/KWh"
"605","MECO","Maui","02/28/2010 12:00:00 AM","Residential",28.68,"Cents/KWh"
"606","MECO","Maui","02/28/2010 12:00:00 AM","Commercial",27.43,"Cents/KWh"
"607","MECO","Maui","02/28/2010 12:00:00 AM","Street Lights",26.51,"Cents/KWh"
"608","MECO","Maui","02/28/2010 12:00:00 AM","All Sectors",27.88,"Cents/KWh"
"609","MECO","Lanai","02/28/2010 12:00:00 AM","Residential",34.73,"Cents/KWh"
"610","MECO","Lanai","02/28/2010 12:00:00 AM","Commercial",35.32,"Cents/KWh"
"611","MECO","Lanai","02/28/2010 12:00:00 AM","Street Lights",33.59,"Cents/KWh"
"612","MECO","Lanai","02/28/2010 12:00:00 AM","All Sectors",35.13,"Cents/KWh"
"613","MECO","Molokai","02/28/2010 12:00:00 AM","Residential",34.47,"Cents/KWh"
"614","MECO","Molokai","02/28/2010 12:00:00 AM","Commercial",35.58,"Cents/KWh"
"615","MECO","Molokai","02/28/2010 12:00:00 AM","Street Lights",32.83,"Cents/KWh"
"616","MECO","Molokai","02/28/2010 12:00:00 AM","All Sectors",35.08,"Cents/KWh"
"617","HELCO","Hawaii","02/28/2010 12:00:00 AM","Residential",36.46,"Cents/KWh"
"618","HELCO","Hawaii","02/28/2010 12:00:00 AM","Commercial",33.47,"Cents/KWh"
"619","HELCO","Hawaii","02/28/2010 12:00:00 AM","Street Lights",34.7,"Cents/KWh"
"620","HELCO","Hawaii","02/28/2010 12:00:00 AM","All Sectors",34.64,"Cents/KWh"
"621","KIUC","Kauai","02/28/2010 12:00:00 AM","Residential",36.17,"Cents/KWh"
"622","KIUC","Kauai","02/28/2010 12:00:00 AM","Commercial",35.3,"Cents/KWh"
"623","KIUC","Kauai","02/28/2010 12:00:00 AM","Street Lights",49.05,"Cents/KWh"
"624","KIUC","Kauai","02/28/2010 12:00:00 AM","All Sectors",35.73,"Cents/KWh"
"625","HECO","Oahu","03/31/2010 12:00:00 AM","Residential",25.97,"Cents/KWh"
"626","HECO","Oahu","03/31/2010 12:00:00 AM","Commercial",22.12,"Cents/KWh"
"627","HECO","Oahu","03/31/2010 12:00:00 AM","Street Lights",23.83,"Cents/KWh"
"628","HECO","Oahu","03/31/2010 12:00:00 AM","All Sectors",23.18,"Cents/KWh"
"629","MECO","Maui","03/31/2010 12:00:00 AM","Residential",29.35,"Cents/KWh"
"630","MECO","Maui","03/31/2010 12:00:00 AM","Commercial",27.86,"Cents/KWh"
"631","MECO","Maui","03/31/2010 12:00:00 AM","Street Lights",27.36,"Cents/KWh"
"632","MECO","Maui","03/31/2010 12:00:00 AM","All Sectors",28.4,"Cents/KWh"
"633","MECO","Lanai","03/31/2010 12:00:00 AM","Residential",35.46,"Cents/KWh"
"634","MECO","Lanai","03/31/2010 12:00:00 AM","Commercial",35.78,"Cents/KWh"
"635","MECO","Lanai","03/31/2010 12:00:00 AM","Street Lights",34.47,"Cents/KWh"
"636","MECO","Lanai","03/31/2010 12:00:00 AM","All Sectors",35.68,"Cents/KWh"
"637","MECO","Molokai","03/31/2010 12:00:00 AM","Residential",34.7,"Cents/KWh"
"638","MECO","Molokai","03/31/2010 12:00:00 AM","Commercial",35.55,"Cents/KWh"
"639","MECO","Molokai","03/31/2010 12:00:00 AM","Street Lights",33.18,"Cents/KWh"
"640","MECO","Molokai","03/31/2010 12:00:00 AM","All Sectors",35.16,"Cents/KWh"
"641","HELCO","Hawaii","03/31/2010 12:00:00 AM","Residential",31.28,"Cents/KWh"
"642","HELCO","Hawaii","03/31/2010 12:00:00 AM","Commercial",28.54,"Cents/KWh"
"643","HELCO","Hawaii","03/31/2010 12:00:00 AM","Street Lights",29.85,"Cents/KWh"
"644","HELCO","Hawaii","03/31/2010 12:00:00 AM","All Sectors",29.63,"Cents/KWh"
"645","KIUC","Kauai","03/31/2010 12:00:00 AM","Residential",34.95,"Cents/KWh"
"646","KIUC","Kauai","03/31/2010 12:00:00 AM","Commercial",34.17,"Cents/KWh"
"647","KIUC","Kauai","03/31/2010 12:00:00 AM","Street Lights",48,"Cents/KWh"
"648","KIUC","Kauai","03/31/2010 12:00:00 AM","All Sectors",34.56,"Cents/KWh"
"649","HECO","Oahu","04/30/2010 12:00:00 AM","Residential",24.62,"Cents/KWh"
"650","HECO","Oahu","04/30/2010 12:00:00 AM","Commercial",20.76,"Cents/KWh"
"651","HECO","Oahu","04/30/2010 12:00:00 AM","Street Lights",22.71,"Cents/KWh"
"652","HECO","Oahu","04/30/2010 12:00:00 AM","All Sectors",21.81,"Cents/KWh"
"653","MECO","Maui","04/30/2010 12:00:00 AM","Residential",26.59,"Cents/KWh"
"654","MECO","Maui","04/30/2010 12:00:00 AM","Commercial",25.23,"Cents/KWh"
"655","MECO","Maui","04/30/2010 12:00:00 AM","Street Lights",26.12,"Cents/KWh"
"656","MECO","Maui","04/30/2010 12:00:00 AM","All Sectors",25.72,"Cents/KWh"
"657","MECO","Lanai","04/30/2010 12:00:00 AM","Residential",33.65,"Cents/KWh"
"658","MECO","Lanai","04/30/2010 12:00:00 AM","Commercial",35.79,"Cents/KWh"
"659","MECO","Lanai","04/30/2010 12:00:00 AM","Street Lights",34.51,"Cents/KWh"
"660","MECO","Lanai","04/30/2010 12:00:00 AM","All Sectors",35.15,"Cents/KWh"
"661","MECO","Molokai","04/30/2010 12:00:00 AM","Residential",32.76,"Cents/KWh"
"662","MECO","Molokai","04/30/2010 12:00:00 AM","Commercial",34.95,"Cents/KWh"
"663","MECO","Molokai","04/30/2010 12:00:00 AM","Street Lights",32.93,"Cents/KWh"
"664","MECO","Molokai","04/30/2010 12:00:00 AM","All Sectors",34.05,"Cents/KWh"
"665","HELCO","Hawaii","04/30/2010 12:00:00 AM","Residential",35,"Cents/KWh"
"666","HELCO","Hawaii","04/30/2010 12:00:00 AM","Commercial",31.97,"Cents/KWh"
"667","HELCO","Hawaii","04/30/2010 12:00:00 AM","Street Lights",34.28,"Cents/KWh"
"668","HELCO","Hawaii","04/30/2010 12:00:00 AM","All Sectors",33.19,"Cents/KWh"
"669","KIUC","Kauai","04/30/2010 12:00:00 AM","Residential",35.97,"Cents/KWh"
"670","KIUC","Kauai","04/30/2010 12:00:00 AM","Commercial",34.85,"Cents/KWh"
"671","KIUC","Kauai","04/30/2010 12:00:00 AM","Street Lights",48.78,"Cents/KWh"
"672","KIUC","Kauai","04/30/2010 12:00:00 AM","All Sectors",35.36,"Cents/KWh"
"673","HECO","Oahu","05/31/2010 12:00:00 AM","Residential",25.83,"Cents/KWh"
"674","HECO","Oahu","05/31/2010 12:00:00 AM","Commercial",21.78,"Cents/KWh"
"675","HECO","Oahu","05/31/2010 12:00:00 AM","Street Lights",23.85,"Cents/KWh"
"676","HECO","Oahu","05/31/2010 12:00:00 AM","All Sectors",22.87,"Cents/KWh"
"677","MECO","Maui","05/31/2010 12:00:00 AM","Residential",29.14,"Cents/KWh"
"678","MECO","Maui","05/31/2010 12:00:00 AM","Commercial",27.72,"Cents/KWh"
"679","MECO","Maui","05/31/2010 12:00:00 AM","Street Lights",27.09,"Cents/KWh"
"680","MECO","Maui","05/31/2010 12:00:00 AM","All Sectors",28.21,"Cents/KWh"
"681","MECO","Lanai","05/31/2010 12:00:00 AM","Residential",37.32,"Cents/KWh"
"682","MECO","Lanai","05/31/2010 12:00:00 AM","Commercial",37.41,"Cents/KWh"
"683","MECO","Lanai","05/31/2010 12:00:00 AM","Street Lights",36.19,"Cents/KWh"
"684","MECO","Lanai","05/31/2010 12:00:00 AM","All Sectors",37.38,"Cents/KWh"
"685","MECO","Molokai","05/31/2010 12:00:00 AM","Residential",35.31,"Cents/KWh"
"686","MECO","Molokai","05/31/2010 12:00:00 AM","Commercial",35.45,"Cents/KWh"
"687","MECO","Molokai","05/31/2010 12:00:00 AM","Street Lights",33.65,"Cents/KWh"
"688","MECO","Molokai","05/31/2010 12:00:00 AM","All Sectors",35.36,"Cents/KWh"
"689","HELCO","Hawaii","05/31/2010 12:00:00 AM","Residential",35.52,"Cents/KWh"
"690","HELCO","Hawaii","05/31/2010 12:00:00 AM","Commercial",32.51,"Cents/KWh"
"691","HELCO","Hawaii","05/31/2010 12:00:00 AM","Street Lights",33.96,"Cents/KWh"
"692","HELCO","Hawaii","05/31/2010 12:00:00 AM","All Sectors",33.66,"Cents/KWh"
"693","KIUC","Kauai","05/31/2010 12:00:00 AM","Residential",36.59,"Cents/KWh"
"694","KIUC","Kauai","05/31/2010 12:00:00 AM","Commercial",35.3,"Cents/KWh"
"695","KIUC","Kauai","05/31/2010 12:00:00 AM","Street Lights",49.29,"Cents/KWh"
"696","KIUC","Kauai","05/31/2010 12:00:00 AM","All Sectors",35.84,"Cents/KWh"
"697","HECO","Oahu","06/30/2010 12:00:00 AM","Residential",25.79,"Cents/KWh"
"698","HECO","Oahu","06/30/2010 12:00:00 AM","Commercial",21.75,"Cents/KWh"
"699","HECO","Oahu","06/30/2010 12:00:00 AM","Street Lights",23.89,"Cents/KWh"
"700","HECO","Oahu","06/30/2010 12:00:00 AM","All Sectors",22.84,"Cents/KWh"
"701","MECO","Maui","06/30/2010 12:00:00 AM","Residential",29.92,"Cents/KWh"
"702","MECO","Maui","06/30/2010 12:00:00 AM","Commercial",28.2,"Cents/KWh"
"703","MECO","Maui","06/30/2010 12:00:00 AM","Street Lights",27.92,"Cents/KWh"
"704","MECO","Maui","06/30/2010 12:00:00 AM","All Sectors",28.8,"Cents/KWh"
"705","MECO","Lanai","06/30/2010 12:00:00 AM","Residential",38.38,"Cents/KWh"
"706","MECO","Lanai","06/30/2010 12:00:00 AM","Commercial",38.7,"Cents/KWh"
"707","MECO","Lanai","06/30/2010 12:00:00 AM","Street Lights",37.35,"Cents/KWh"
"708","MECO","Lanai","06/30/2010 12:00:00 AM","All Sectors",38.61,"Cents/KWh"
"709","MECO","Molokai","06/30/2010 12:00:00 AM","Residential",36.33,"Cents/KWh"
"710","MECO","Molokai","06/30/2010 12:00:00 AM","Commercial",36.25,"Cents/KWh"
"711","MECO","Molokai","06/30/2010 12:00:00 AM","Street Lights",34.84,"Cents/KWh"
"712","MECO","Molokai","06/30/2010 12:00:00 AM","All Sectors",36.26,"Cents/KWh"
"713","HELCO","Hawaii","06/30/2010 12:00:00 AM","Residential",35.07,"Cents/KWh"
"714","HELCO","Hawaii","06/30/2010 12:00:00 AM","Commercial",32.06,"Cents/KWh"
"715","HELCO","Hawaii","06/30/2010 12:00:00 AM","Street Lights",33.73,"Cents/KWh"
"716","HELCO","Hawaii","06/30/2010 12:00:00 AM","All Sectors",33.22,"Cents/KWh"
"717","KIUC","Kauai","06/30/2010 12:00:00 AM","Residential",37.44,"Cents/KWh"
"718","KIUC","Kauai","06/30/2010 12:00:00 AM","Commercial",35.49,"Cents/KWh"
"719","KIUC","Kauai","06/30/2010 12:00:00 AM","Street Lights",51.62,"Cents/KWh"
"720","KIUC","Kauai","06/30/2010 12:00:00 AM","All Sectors",36.29,"Cents/KWh"
"721","HECO","Oahu","07/31/2010 12:00:00 AM","Residential",25.66,"Cents/KWh"
"722","HECO","Oahu","07/31/2010 12:00:00 AM","Commercial",21.66,"Cents/KWh"
"723","HECO","Oahu","07/31/2010 12:00:00 AM","Street Lights",23.79,"Cents/KWh"
"724","HECO","Oahu","07/31/2010 12:00:00 AM","All Sectors",22.76,"Cents/KWh"
"725","MECO","Maui","07/31/2010 12:00:00 AM","Residential",29.4,"Cents/KWh"
"726","MECO","Maui","07/31/2010 12:00:00 AM","Commercial",27.8,"Cents/KWh"
"727","MECO","Maui","07/31/2010 12:00:00 AM","Street Lights",27.4,"Cents/KWh"
"728","MECO","Maui","07/31/2010 12:00:00 AM","All Sectors",28.35,"Cents/KWh"
"729","MECO","Lanai","07/31/2010 12:00:00 AM","Residential",37.87,"Cents/KWh"
"730","MECO","Lanai","07/31/2010 12:00:00 AM","Commercial",38.29,"Cents/KWh"
"731","MECO","Lanai","07/31/2010 12:00:00 AM","Street Lights",36.92,"Cents/KWh"
"732","MECO","Lanai","07/31/2010 12:00:00 AM","All Sectors",38.16,"Cents/KWh"
"733","MECO","Molokai","07/31/2010 12:00:00 AM","Residential",36.42,"Cents/KWh"
"734","MECO","Molokai","07/31/2010 12:00:00 AM","Commercial",36.43,"Cents/KWh"
"735","MECO","Molokai","07/31/2010 12:00:00 AM","Street Lights",34.84,"Cents/KWh"
"736","MECO","Molokai","07/31/2010 12:00:00 AM","All Sectors",36.4,"Cents/KWh"
"737","HELCO","Hawaii","07/31/2010 12:00:00 AM","Residential",36.16,"Cents/KWh"
"738","HELCO","Hawaii","07/31/2010 12:00:00 AM","Commercial",33.01,"Cents/KWh"
"739","HELCO","Hawaii","07/31/2010 12:00:00 AM","Street Lights",34.88,"Cents/KWh"
"740","HELCO","Hawaii","07/31/2010 12:00:00 AM","All Sectors",34.23,"Cents/KWh"
"741","KIUC","Kauai","07/31/2010 12:00:00 AM","Residential",36.69,"Cents/KWh"
"742","KIUC","Kauai","07/31/2010 12:00:00 AM","Commercial",34.51,"Cents/KWh"
"743","KIUC","Kauai","07/31/2010 12:00:00 AM","Street Lights",51.38,"Cents/KWh"
"744","KIUC","Kauai","07/31/2010 12:00:00 AM","All Sectors",35.41,"Cents/KWh"
"745","HECO","Oahu","08/31/2010 12:00:00 AM","Residential",26.07,"Cents/KWh"
"746","HECO","Oahu","08/31/2010 12:00:00 AM","Commercial",22.03,"Cents/KWh"
"747","HECO","Oahu","08/31/2010 12:00:00 AM","Street Lights",24.26,"Cents/KWh"
"748","HECO","Oahu","08/31/2010 12:00:00 AM","All Sectors",23.12,"Cents/KWh"
"749","MECO","Maui","08/31/2010 12:00:00 AM","Residential",29.84,"Cents/KWh"
"750","MECO","Maui","08/31/2010 12:00:00 AM","Commercial",28.07,"Cents/KWh"
"751","MECO","Maui","08/31/2010 12:00:00 AM","Street Lights",27.74,"Cents/KWh"
"752","MECO","Maui","08/31/2010 12:00:00 AM","All Sectors",28.69,"Cents/KWh"
"753","MECO","Lanai","08/31/2010 12:00:00 AM","Residential",38.4,"Cents/KWh"
"754","MECO","Lanai","08/31/2010 12:00:00 AM","Commercial",38.35,"Cents/KWh"
"755","MECO","Lanai","08/31/2010 12:00:00 AM","Street Lights",37.22,"Cents/KWh"
"756","MECO","Lanai","08/31/2010 12:00:00 AM","All Sectors",38.36,"Cents/KWh"
"757","MECO","Molokai","08/31/2010 12:00:00 AM","Residential",36.91,"Cents/KWh"
"758","MECO","Molokai","08/31/2010 12:00:00 AM","Commercial",36.51,"Cents/KWh"
"759","MECO","Molokai","08/31/2010 12:00:00 AM","Street Lights",35.18,"Cents/KWh"
"760","MECO","Molokai","08/31/2010 12:00:00 AM","All Sectors",36.64,"Cents/KWh"
"761","HELCO","Hawaii","08/31/2010 12:00:00 AM","Residential",36.01,"Cents/KWh"
"762","HELCO","Hawaii","08/31/2010 12:00:00 AM","Commercial",32.98,"Cents/KWh"
"763","HELCO","Hawaii","08/31/2010 12:00:00 AM","Street Lights",34.61,"Cents/KWh"
"764","HELCO","Hawaii","08/31/2010 12:00:00 AM","All Sectors",34.15,"Cents/KWh"
"765","KIUC","Kauai","08/31/2010 12:00:00 AM","Residential",36.12,"Cents/KWh"
"766","KIUC","Kauai","08/31/2010 12:00:00 AM","Commercial",33.5,"Cents/KWh"
"767","KIUC","Kauai","08/31/2010 12:00:00 AM","Street Lights",50.49,"Cents/KWh"
"768","KIUC","Kauai","08/31/2010 12:00:00 AM","All Sectors",34.55,"Cents/KWh"
"769","HECO","Oahu","09/30/2010 12:00:00 AM","Residential",25.64,"Cents/KWh"
"770","HECO","Oahu","09/30/2010 12:00:00 AM","Commercial",21.7,"Cents/KWh"
"771","HECO","Oahu","09/30/2010 12:00:00 AM","Street Lights",23.75,"Cents/KWh"
"772","HECO","Oahu","09/30/2010 12:00:00 AM","All Sectors",22.77,"Cents/KWh"
"773","MECO","Maui","09/30/2010 12:00:00 AM","Residential",29.41,"Cents/KWh"
"774","MECO","Maui","09/30/2010 12:00:00 AM","Commercial",27.56,"Cents/KWh"
"775","MECO","Maui","09/30/2010 12:00:00 AM","Street Lights",27.12,"Cents/KWh"
"776","MECO","Maui","09/30/2010 12:00:00 AM","All Sectors",28.19,"Cents/KWh"
"777","MECO","Lanai","09/30/2010 12:00:00 AM","Residential",38.55,"Cents/KWh"
"778","MECO","Lanai","09/30/2010 12:00:00 AM","Commercial",39,"Cents/KWh"
"779","MECO","Lanai","09/30/2010 12:00:00 AM","Street Lights",37.19,"Cents/KWh"
"780","MECO","Lanai","09/30/2010 12:00:00 AM","All Sectors",38.86,"Cents/KWh"
"781","MECO","Molokai","09/30/2010 12:00:00 AM","Residential",35.15,"Cents/KWh"
"782","MECO","Molokai","09/30/2010 12:00:00 AM","Commercial",35.35,"Cents/KWh"
"783","MECO","Molokai","09/30/2010 12:00:00 AM","Street Lights",33.18,"Cents/KWh"
"784","MECO","Molokai","09/30/2010 12:00:00 AM","All Sectors",35.24,"Cents/KWh"
"785","HELCO","Hawaii","09/30/2010 12:00:00 AM","Residential",34.48,"Cents/KWh"
"786","HELCO","Hawaii","09/30/2010 12:00:00 AM","Commercial",31.29,"Cents/KWh"
"787","HELCO","Hawaii","09/30/2010 12:00:00 AM","Street Lights",33,"Cents/KWh"
"788","HELCO","Hawaii","09/30/2010 12:00:00 AM","All Sectors",32.48,"Cents/KWh"
"789","KIUC","Kauai","09/30/2010 12:00:00 AM","Residential",36.94,"Cents/KWh"
"790","KIUC","Kauai","09/30/2010 12:00:00 AM","Commercial",34.28,"Cents/KWh"
"791","KIUC","Kauai","09/30/2010 12:00:00 AM","Street Lights",51.39,"Cents/KWh"
"792","KIUC","Kauai","09/30/2010 12:00:00 AM","All Sectors",35.33,"Cents/KWh"
"793","HECO","Oahu","10/31/2010 12:00:00 AM","Residential",25.9,"Cents/KWh"
"794","HECO","Oahu","10/31/2010 12:00:00 AM","Commercial",21.87,"Cents/KWh"
"795","HECO","Oahu","10/31/2010 12:00:00 AM","Street Lights",23.92,"Cents/KWh"
"796","HECO","Oahu","10/31/2010 12:00:00 AM","All Sectors",22.96,"Cents/KWh"
"797","MECO","Maui","10/31/2010 12:00:00 AM","Residential",29.91,"Cents/KWh"
"798","MECO","Maui","10/31/2010 12:00:00 AM","Commercial",28.2,"Cents/KWh"
"799","MECO","Maui","10/31/2010 12:00:00 AM","Street Lights",27.72,"Cents/KWh"
"800","MECO","Maui","10/31/2010 12:00:00 AM","All Sectors",28.79,"Cents/KWh"
"801","MECO","Lanai","10/31/2010 12:00:00 AM","Residential",38.28,"Cents/KWh"
"802","MECO","Lanai","10/31/2010 12:00:00 AM","Commercial",38.1,"Cents/KWh"
"803","MECO","Lanai","10/31/2010 12:00:00 AM","Street Lights",36.84,"Cents/KWh"
"804","MECO","Lanai","10/31/2010 12:00:00 AM","All Sectors",38.15,"Cents/KWh"
"805","MECO","Molokai","10/31/2010 12:00:00 AM","Residential",37.25,"Cents/KWh"
"806","MECO","Molokai","10/31/2010 12:00:00 AM","Commercial",36.83,"Cents/KWh"
"807","MECO","Molokai","10/31/2010 12:00:00 AM","Street Lights",35.44,"Cents/KWh"
"808","MECO","Molokai","10/31/2010 12:00:00 AM","All Sectors",36.96,"Cents/KWh"
"809","HELCO","Hawaii","10/31/2010 12:00:00 AM","Residential",36.07,"Cents/KWh"
"810","HELCO","Hawaii","10/31/2010 12:00:00 AM","Commercial",32.87,"Cents/KWh"
"811","HELCO","Hawaii","10/31/2010 12:00:00 AM","Street Lights",34.82,"Cents/KWh"
"812","HELCO","Hawaii","10/31/2010 12:00:00 AM","All Sectors",34.06,"Cents/KWh"
"813","KIUC","Kauai","10/31/2010 12:00:00 AM","Residential",36.65,"Cents/KWh"
"814","KIUC","Kauai","10/31/2010 12:00:00 AM","Commercial",34.16,"Cents/KWh"
"815","KIUC","Kauai","10/31/2010 12:00:00 AM","Street Lights",51.07,"Cents/KWh"
"816","KIUC","Kauai","10/31/2010 12:00:00 AM","All Sectors",35.14,"Cents/KWh"
"817","HECO","Oahu","11/30/2010 12:00:00 AM","Residential",26.14,"Cents/KWh"
"818","HECO","Oahu","11/30/2010 12:00:00 AM","Commercial",22.07,"Cents/KWh"
"819","HECO","Oahu","11/30/2010 12:00:00 AM","Street Lights",24.15,"Cents/KWh"
"820","HECO","Oahu","11/30/2010 12:00:00 AM","All Sectors",23.18,"Cents/KWh"
"821","MECO","Maui","11/30/2010 12:00:00 AM","Residential",30.25,"Cents/KWh"
"822","MECO","Maui","11/30/2010 12:00:00 AM","Commercial",28.61,"Cents/KWh"
"823","MECO","Maui","11/30/2010 12:00:00 AM","Street Lights",28.09,"Cents/KWh"
"824","MECO","Maui","11/30/2010 12:00:00 AM","All Sectors",29.2,"Cents/KWh"
"825","MECO","Lanai","11/30/2010 12:00:00 AM","Residential",38.43,"Cents/KWh"
"826","MECO","Lanai","11/30/2010 12:00:00 AM","Commercial",38.58,"Cents/KWh"
"827","MECO","Lanai","11/30/2010 12:00:00 AM","Street Lights",37.04,"Cents/KWh"
"828","MECO","Lanai","11/30/2010 12:00:00 AM","All Sectors",38.53,"Cents/KWh"
"829","MECO","Molokai","11/30/2010 12:00:00 AM","Residential",38.02,"Cents/KWh"
"830","MECO","Molokai","11/30/2010 12:00:00 AM","Commercial",38.29,"Cents/KWh"
"831","MECO","Molokai","11/30/2010 12:00:00 AM","Street Lights",36.34,"Cents/KWh"
"832","MECO","Molokai","11/30/2010 12:00:00 AM","All Sectors",38.15,"Cents/KWh"
"833","HELCO","Hawaii","11/30/2010 12:00:00 AM","Residential",36.47,"Cents/KWh"
"834","HELCO","Hawaii","11/30/2010 12:00:00 AM","Commercial",33.72,"Cents/KWh"
"835","HELCO","Hawaii","11/30/2010 12:00:00 AM","Street Lights",35.09,"Cents/KWh"
"836","HELCO","Hawaii","11/30/2010 12:00:00 AM","All Sectors",34.8,"Cents/KWh"
"837","KIUC","Kauai","11/30/2010 12:00:00 AM","Residential",37.95,"Cents/KWh"
"838","KIUC","Kauai","11/30/2010 12:00:00 AM","Commercial",35.4,"Cents/KWh"
"839","KIUC","Kauai","11/30/2010 12:00:00 AM","Street Lights",52.33,"Cents/KWh"
"840","KIUC","Kauai","11/30/2010 12:00:00 AM","All Sectors",36.42,"Cents/KWh"
"841","HECO","Oahu","12/31/2010 12:00:00 AM","Residential",26.08,"Cents/KWh"
"842","HECO","Oahu","12/31/2010 12:00:00 AM","Commercial",22.04,"Cents/KWh"
"843","HECO","Oahu","12/31/2010 12:00:00 AM","Street Lights",23.97,"Cents/KWh"
"844","HECO","Oahu","12/31/2010 12:00:00 AM","All Sectors",23.17,"Cents/KWh"
"845","MECO","Maui","12/31/2010 12:00:00 AM","Residential",31.93,"Cents/KWh"
"846","MECO","Maui","12/31/2010 12:00:00 AM","Commercial",30.44,"Cents/KWh"
"847","MECO","Maui","12/31/2010 12:00:00 AM","Street Lights",29.96,"Cents/KWh"
"848","MECO","Maui","12/31/2010 12:00:00 AM","All Sectors",30.99,"Cents/KWh"
"849","MECO","Lanai","12/31/2010 12:00:00 AM","Residential",39.43,"Cents/KWh"
"850","MECO","Lanai","12/31/2010 12:00:00 AM","Commercial",38.01,"Cents/KWh"
"851","MECO","Lanai","12/31/2010 12:00:00 AM","Street Lights",38.09,"Cents/KWh"
"852","MECO","Lanai","12/31/2010 12:00:00 AM","All Sectors",38.46,"Cents/KWh"
"853","MECO","Molokai","12/31/2010 12:00:00 AM","Residential",38.47,"Cents/KWh"
"854","MECO","Molokai","12/31/2010 12:00:00 AM","Commercial",39.42,"Cents/KWh"
"855","MECO","Molokai","12/31/2010 12:00:00 AM","Street Lights",36.81,"Cents/KWh"
"856","MECO","Molokai","12/31/2010 12:00:00 AM","All Sectors",38.98,"Cents/KWh"
"857","HELCO","Hawaii","12/31/2010 12:00:00 AM","Residential",35.8,"Cents/KWh"
"858","HELCO","Hawaii","12/31/2010 12:00:00 AM","Commercial",32.8,"Cents/KWh"
"859","HELCO","Hawaii","12/31/2010 12:00:00 AM","Street Lights",34.24,"Cents/KWh"
"860","HELCO","Hawaii","12/31/2010 12:00:00 AM","All Sectors",34.01,"Cents/KWh"
"861","KIUC","Kauai","12/31/2010 12:00:00 AM","Residential",40.39,"Cents/KWh"
"862","KIUC","Kauai","12/31/2010 12:00:00 AM","Commercial",38.12,"Cents/KWh"
"863","KIUC","Kauai","12/31/2010 12:00:00 AM","Street Lights",55.21,"Cents/KWh"
"864","KIUC","Kauai","12/31/2010 12:00:00 AM","All Sectors",39.09,"Cents/KWh"
"865","HECO","Oahu","01/31/2011 12:00:00 AM","Residential",27.07,"Cents/KWh"
"866","HECO","Oahu","01/31/2011 12:00:00 AM","Commercial",23.25,"Cents/KWh"
"867","HECO","Oahu","01/31/2011 12:00:00 AM","Street Lights",25.12,"Cents/KWh"
"868","HECO","Oahu","01/31/2011 12:00:00 AM","All Sectors",24.36,"Cents/KWh"
"869","MECO","Maui","01/31/2011 12:00:00 AM","Residential",32.09,"Cents/KWh"
"870","MECO","Maui","01/31/2011 12:00:00 AM","Commercial",30.7,"Cents/KWh"
"871","MECO","Maui","01/31/2011 12:00:00 AM","Street Lights",30.15,"Cents/KWh"
"872","MECO","Maui","01/31/2011 12:00:00 AM","All Sectors",31.24,"Cents/KWh"
"873","MECO","Lanai","01/31/2011 12:00:00 AM","Residential",40.27,"Cents/KWh"
"874","MECO","Lanai","01/31/2011 12:00:00 AM","Commercial",41.51,"Cents/KWh"
"875","MECO","Lanai","01/31/2011 12:00:00 AM","Street Lights",39.78,"Cents/KWh"
"876","MECO","Lanai","01/31/2011 12:00:00 AM","All Sectors",41.08,"Cents/KWh"
"877","MECO","Molokai","01/31/2011 12:00:00 AM","Residential",38.81,"Cents/KWh"
"878","MECO","Molokai","01/31/2011 12:00:00 AM","Commercial",40.11,"Cents/KWh"
"879","MECO","Molokai","01/31/2011 12:00:00 AM","Street Lights",37.55,"Cents/KWh"
"880","MECO","Molokai","01/31/2011 12:00:00 AM","All Sectors",39.5,"Cents/KWh"
"881","HELCO","Hawaii","01/31/2011 12:00:00 AM","Residential",37.59,"Cents/KWh"
"882","HELCO","Hawaii","01/31/2011 12:00:00 AM","Commercial",34.81,"Cents/KWh"
"883","HELCO","Hawaii","01/31/2011 12:00:00 AM","Street Lights",36.17,"Cents/KWh"
"884","HELCO","Hawaii","01/31/2011 12:00:00 AM","All Sectors",36,"Cents/KWh"
"885","KIUC","Kauai","01/31/2011 12:00:00 AM","Residential",39.6,"Cents/KWh"
"886","KIUC","Kauai","01/31/2011 12:00:00 AM","Commercial",37.18,"Cents/KWh"
"887","KIUC","Kauai","01/31/2011 12:00:00 AM","Street Lights",54.3,"Cents/KWh"
"888","KIUC","Kauai","01/31/2011 12:00:00 AM","All Sectors",38.22,"Cents/KWh"
"889","HECO","Oahu","02/28/2011 12:00:00 AM","Residential",28.02,"Cents/KWh"
"890","HECO","Oahu","02/28/2011 12:00:00 AM","Commercial",24.06,"Cents/KWh"
"891","HECO","Oahu","02/28/2011 12:00:00 AM","Street Lights",25.84,"Cents/KWh"
"892","HECO","Oahu","02/28/2011 12:00:00 AM","All Sectors",25.08,"Cents/KWh"
"893","MECO","Maui","02/28/2011 12:00:00 AM","Residential",32.75,"Cents/KWh"
"894","MECO","Maui","02/28/2011 12:00:00 AM","Commercial",31.68,"Cents/KWh"
"895","MECO","Maui","02/28/2011 12:00:00 AM","Street Lights",30.6,"Cents/KWh"
"896","MECO","Maui","02/28/2011 12:00:00 AM","All Sectors",32.06,"Cents/KWh"
"897","MECO","Lanai","02/28/2011 12:00:00 AM","Residential",39.55,"Cents/KWh"
"898","MECO","Lanai","02/28/2011 12:00:00 AM","Commercial",39.74,"Cents/KWh"
"899","MECO","Lanai","02/28/2011 12:00:00 AM","Street Lights",38.67,"Cents/KWh"
"900","MECO","Lanai","02/28/2011 12:00:00 AM","All Sectors",39.68,"Cents/KWh"
"901","MECO","Molokai","02/28/2011 12:00:00 AM","Residential",37.76,"Cents/KWh"
"902","MECO","Molokai","02/28/2011 12:00:00 AM","Commercial",39.09,"Cents/KWh"
"903","MECO","Molokai","02/28/2011 12:00:00 AM","Street Lights",36.32,"Cents/KWh"
"904","MECO","Molokai","02/28/2011 12:00:00 AM","All Sectors",38.5,"Cents/KWh"
"905","HELCO","Hawaii","02/28/2011 12:00:00 AM","Residential",38.48,"Cents/KWh"
"906","HELCO","Hawaii","02/28/2011 12:00:00 AM","Commercial",35.78,"Cents/KWh"
"907","HELCO","Hawaii","02/28/2011 12:00:00 AM","Street Lights",37.89,"Cents/KWh"
"908","HELCO","Hawaii","02/28/2011 12:00:00 AM","All Sectors",36.85,"Cents/KWh"
"909","KIUC","Kauai","02/28/2011 12:00:00 AM","Residential",40.82,"Cents/KWh"
"910","KIUC","Kauai","02/28/2011 12:00:00 AM","Commercial",38.37,"Cents/KWh"
"911","KIUC","Kauai","02/28/2011 12:00:00 AM","Street Lights",55.01,"Cents/KWh"
"912","KIUC","Kauai","02/28/2011 12:00:00 AM","All Sectors",39.4,"Cents/KWh"
"913","HECO","Oahu","03/31/2011 12:00:00 AM","Residential",29.01,"Cents/KWh"
"914","HECO","Oahu","03/31/2011 12:00:00 AM","Commercial",24.77,"Cents/KWh"
"915","HECO","Oahu","03/31/2011 12:00:00 AM","Street Lights",26.66,"Cents/KWh"
"916","HECO","Oahu","03/31/2011 12:00:00 AM","All Sectors",25.9,"Cents/KWh"
"917","MECO","Maui","03/31/2011 12:00:00 AM","Residential",33.52,"Cents/KWh"
"918","MECO","Maui","03/31/2011 12:00:00 AM","Commercial",32.19,"Cents/KWh"
"919","MECO","Maui","03/31/2011 12:00:00 AM","Street Lights",31.61,"Cents/KWh"
"920","MECO","Maui","03/31/2011 12:00:00 AM","All Sectors",32.67,"Cents/KWh"
"921","MECO","Lanai","03/31/2011 12:00:00 AM","Residential",41.84,"Cents/KWh"
"922","MECO","Lanai","03/31/2011 12:00:00 AM","Commercial",42.09,"Cents/KWh"
"923","MECO","Lanai","03/31/2011 12:00:00 AM","Street Lights",41.04,"Cents/KWh"
"924","MECO","Lanai","03/31/2011 12:00:00 AM","All Sectors",42.01,"Cents/KWh"
"925","MECO","Molokai","03/31/2011 12:00:00 AM","Residential",39.77,"Cents/KWh"
"926","MECO","Molokai","03/31/2011 12:00:00 AM","Commercial",41.18,"Cents/KWh"
"927","MECO","Molokai","03/31/2011 12:00:00 AM","Street Lights",38.41,"Cents/KWh"
"928","MECO","Molokai","03/31/2011 12:00:00 AM","All Sectors",40.58,"Cents/KWh"
"929","HELCO","Hawaii","03/31/2011 12:00:00 AM","Residential",38.04,"Cents/KWh"
"930","HELCO","Hawaii","03/31/2011 12:00:00 AM","Commercial",35.44,"Cents/KWh"
"931","HELCO","Hawaii","03/31/2011 12:00:00 AM","Street Lights",37.7,"Cents/KWh"
"932","HELCO","Hawaii","03/31/2011 12:00:00 AM","All Sectors",36.47,"Cents/KWh"
"933","KIUC","Kauai","03/31/2011 12:00:00 AM","Residential",41.18,"Cents/KWh"
"934","KIUC","Kauai","03/31/2011 12:00:00 AM","Commercial",38.92,"Cents/KWh"
"935","KIUC","Kauai","03/31/2011 12:00:00 AM","Street Lights",55.65,"Cents/KWh"
"936","KIUC","Kauai","03/31/2011 12:00:00 AM","All Sectors",39.91,"Cents/KWh"
"937","HECO","Oahu","04/30/2011 12:00:00 AM","Residential",29.78,"Cents/KWh"
"938","HECO","Oahu","04/30/2011 12:00:00 AM","Commercial",25.81,"Cents/KWh"
"939","HECO","Oahu","04/30/2011 12:00:00 AM","Street Lights",28.15,"Cents/KWh"
"940","HECO","Oahu","04/30/2011 12:00:00 AM","All Sectors",26.86,"Cents/KWh"
"941","MECO","Maui","04/30/2011 12:00:00 AM","Residential",34.46,"Cents/KWh"
"942","MECO","Maui","04/30/2011 12:00:00 AM","Commercial",33.34,"Cents/KWh"
"943","MECO","Maui","04/30/2011 12:00:00 AM","Street Lights",32.46,"Cents/KWh"
"944","MECO","Maui","04/30/2011 12:00:00 AM","All Sectors",33.73,"Cents/KWh"
"945","MECO","Lanai","04/30/2011 12:00:00 AM","Residential",43.27,"Cents/KWh"
"946","MECO","Lanai","04/30/2011 12:00:00 AM","Commercial",43.82,"Cents/KWh"
"947","MECO","Lanai","04/30/2011 12:00:00 AM","Street Lights",42.83,"Cents/KWh"
"948","MECO","Lanai","04/30/2011 12:00:00 AM","All Sectors",43.64,"Cents/KWh"
"949","MECO","Molokai","04/30/2011 12:00:00 AM","Residential",41.31,"Cents/KWh"
"950","MECO","Molokai","04/30/2011 12:00:00 AM","Commercial",41.5,"Cents/KWh"
"951","MECO","Molokai","04/30/2011 12:00:00 AM","Street Lights",39.6,"Cents/KWh"
"952","MECO","Molokai","04/30/2011 12:00:00 AM","All Sectors",41.39,"Cents/KWh"
"953","HELCO","Hawaii","04/30/2011 12:00:00 AM","Residential",40.36,"Cents/KWh"
"954","HELCO","Hawaii","04/30/2011 12:00:00 AM","Commercial",37.72,"Cents/KWh"
"955","HELCO","Hawaii","04/30/2011 12:00:00 AM","Street Lights",39.57,"Cents/KWh"
"956","HELCO","Hawaii","04/30/2011 12:00:00 AM","All Sectors",38.77,"Cents/KWh"
"957","KIUC","Kauai","04/30/2011 12:00:00 AM","Residential",43.92,"Cents/KWh"
"958","KIUC","Kauai","04/30/2011 12:00:00 AM","Commercial",41.1,"Cents/KWh"
"959","KIUC","Kauai","04/30/2011 12:00:00 AM","Street Lights",58.08,"Cents/KWh"
"960","KIUC","Kauai","04/30/2011 12:00:00 AM","All Sectors",42.23,"Cents/KWh"
"961","HECO","Oahu","05/31/2011 12:00:00 AM","Residential",31.04,"Cents/KWh"
"962","HECO","Oahu","05/31/2011 12:00:00 AM","Commercial",26.96,"Cents/KWh"
"963","HECO","Oahu","05/31/2011 12:00:00 AM","Street Lights",29.32,"Cents/KWh"
"964","HECO","Oahu","05/31/2011 12:00:00 AM","All Sectors",28.06,"Cents/KWh"
"965","MECO","Maui","05/31/2011 12:00:00 AM","Residential",36.69,"Cents/KWh"
"966","MECO","Maui","05/31/2011 12:00:00 AM","Commercial",35.12,"Cents/KWh"
"967","MECO","Maui","05/31/2011 12:00:00 AM","Street Lights",34.87,"Cents/KWh"
"968","MECO","Maui","05/31/2011 12:00:00 AM","All Sectors",35.66,"Cents/KWh"
"969","MECO","Lanai","05/31/2011 12:00:00 AM","Residential",47.23,"Cents/KWh"
"970","MECO","Lanai","05/31/2011 12:00:00 AM","Commercial",46.93,"Cents/KWh"
"971","MECO","Lanai","05/31/2011 12:00:00 AM","Street Lights",45.98,"Cents/KWh"
"972","MECO","Lanai","05/31/2011 12:00:00 AM","All Sectors",47.01,"Cents/KWh"
"973","MECO","Molokai","05/31/2011 12:00:00 AM","Residential",44.64,"Cents/KWh"
"974","MECO","Molokai","05/31/2011 12:00:00 AM","Commercial",45.46,"Cents/KWh"
"975","MECO","Molokai","05/31/2011 12:00:00 AM","Street Lights",43.03,"Cents/KWh"
"976","MECO","Molokai","05/31/2011 12:00:00 AM","All Sectors",45.11,"Cents/KWh"
"977","HELCO","Hawaii","05/31/2011 12:00:00 AM","Residential",44.73,"Cents/KWh"
"978","HELCO","Hawaii","05/31/2011 12:00:00 AM","Commercial",41.67,"Cents/KWh"
"979","HELCO","Hawaii","05/31/2011 12:00:00 AM","Street Lights",43.58,"Cents/KWh"
"980","HELCO","Hawaii","05/31/2011 12:00:00 AM","All Sectors",42.85,"Cents/KWh"
"981","KIUC","Kauai","05/31/2011 12:00:00 AM","Residential",45.3,"Cents/KWh"
"982","KIUC","Kauai","05/31/2011 12:00:00 AM","Commercial",42.71,"Cents/KWh"
"983","KIUC","Kauai","05/31/2011 12:00:00 AM","Street Lights",59.48,"Cents/KWh"
"984","KIUC","Kauai","05/31/2011 12:00:00 AM","All Sectors",43.75,"Cents/KWh"
"985","HECO","Oahu","06/30/2011 12:00:00 AM","Residential",33.38,"Cents/KWh"
"986","HECO","Oahu","06/30/2011 12:00:00 AM","Commercial",29.28,"Cents/KWh"
"987","HECO","Oahu","06/30/2011 12:00:00 AM","Street Lights",32.12,"Cents/KWh"
"988","HECO","Oahu","06/30/2011 12:00:00 AM","All Sectors",30.41,"Cents/KWh"
"989","MECO","Maui","06/30/2011 12:00:00 AM","Residential",37.42,"Cents/KWh"
"990","MECO","Maui","06/30/2011 12:00:00 AM","Commercial",35.89,"Cents/KWh"
"991","MECO","Maui","06/30/2011 12:00:00 AM","Street Lights",35.38,"Cents/KWh"
"992","MECO","Maui","06/30/2011 12:00:00 AM","All Sectors",36.42,"Cents/KWh"
"993","MECO","Lanai","06/30/2011 12:00:00 AM","Residential",45.36,"Cents/KWh"
"994","MECO","Lanai","06/30/2011 12:00:00 AM","Commercial",45.59,"Cents/KWh"
"995","MECO","Lanai","06/30/2011 12:00:00 AM","Street Lights",44.65,"Cents/KWh"
"996","MECO","Lanai","06/30/2011 12:00:00 AM","All Sectors",45.51,"Cents/KWh"
"997","MECO","Molokai","06/30/2011 12:00:00 AM","Residential",46.04,"Cents/KWh"
"998","MECO","Molokai","06/30/2011 12:00:00 AM","Commercial",46.38,"Cents/KWh"
"999","MECO","Molokai","06/30/2011 12:00:00 AM","Street Lights",44.52,"Cents/KWh"
"1000","MECO","Molokai","06/30/2011 12:00:00 AM","All Sectors",46.22,"Cents/KWh"
"1001","HELCO","Hawaii","06/30/2011 12:00:00 AM","Residential",41.63,"Cents/KWh"
"1002","HELCO","Hawaii","06/30/2011 12:00:00 AM","Commercial",38.67,"Cents/KWh"
"1003","HELCO","Hawaii","06/30/2011 12:00:00 AM","Street Lights",40.62,"Cents/KWh"
"1004","HELCO","Hawaii","06/30/2011 12:00:00 AM","All Sectors",39.8,"Cents/KWh"
"1005","KIUC","Kauai","06/30/2011 12:00:00 AM","Residential",45.5,"Cents/KWh"
"1006","KIUC","Kauai","06/30/2011 12:00:00 AM","Commercial",42.85,"Cents/KWh"
"1007","KIUC","Kauai","06/30/2011 12:00:00 AM","Street Lights",59.95,"Cents/KWh"
"1008","KIUC","Kauai","06/30/2011 12:00:00 AM","All Sectors",43.89,"Cents/KWh"
"1009","HECO","Oahu","07/31/2011 12:00:00 AM","Residential",33.35,"Cents/KWh"
"1010","HECO","Oahu","07/31/2011 12:00:00 AM","Commercial",29.22,"Cents/KWh"
"1011","HECO","Oahu","07/31/2011 12:00:00 AM","Street Lights",31.59,"Cents/KWh"
"1012","HECO","Oahu","07/31/2011 12:00:00 AM","All Sectors",30.33,"Cents/KWh"
"1013","MECO","Maui","07/31/2011 12:00:00 AM","Residential",37.93,"Cents/KWh"
"1014","MECO","Maui","07/31/2011 12:00:00 AM","Commercial",36.59,"Cents/KWh"
"1015","MECO","Maui","07/31/2011 12:00:00 AM","Street Lights",36.06,"Cents/KWh"
"1016","MECO","Maui","07/31/2011 12:00:00 AM","All Sectors",37.06,"Cents/KWh"
"1017","MECO","Lanai","07/31/2011 12:00:00 AM","Residential",45.56,"Cents/KWh"
"1018","MECO","Lanai","07/31/2011 12:00:00 AM","Commercial",45.61,"Cents/KWh"
"1019","MECO","Lanai","07/31/2011 12:00:00 AM","Street Lights",44.77,"Cents/KWh"
"1020","MECO","Lanai","07/31/2011 12:00:00 AM","All Sectors",45.59,"Cents/KWh"
"1021","MECO","Molokai","07/31/2011 12:00:00 AM","Residential",46.18,"Cents/KWh"
"1022","MECO","Molokai","07/31/2011 12:00:00 AM","Commercial",45.92,"Cents/KWh"
"1023","MECO","Molokai","07/31/2011 12:00:00 AM","Street Lights",44.55,"Cents/KWh"
"1024","MECO","Molokai","07/31/2011 12:00:00 AM","All Sectors",45.99,"Cents/KWh"
"1025","HELCO","Hawaii","07/31/2011 12:00:00 AM","Residential",44.36,"Cents/KWh"
"1026","HELCO","Hawaii","07/31/2011 12:00:00 AM","Commercial",40.91,"Cents/KWh"
"1027","HELCO","Hawaii","07/31/2011 12:00:00 AM","Street Lights",43.1,"Cents/KWh"
"1028","HELCO","Hawaii","07/31/2011 12:00:00 AM","All Sectors",42.23,"Cents/KWh"
"1029","KIUC","Kauai","07/31/2011 12:00:00 AM","Residential",44.5,"Cents/KWh"
"1030","KIUC","Kauai","07/31/2011 12:00:00 AM","Commercial",42.26,"Cents/KWh"
"1031","KIUC","Kauai","07/31/2011 12:00:00 AM","Street Lights",59.07,"Cents/KWh"
"1032","KIUC","Kauai","07/31/2011 12:00:00 AM","All Sectors",43.18,"Cents/KWh"
"1033","HECO","Oahu","08/31/2011 12:00:00 AM","Residential",34.68,"Cents/KWh"
"1034","HECO","Oahu","08/31/2011 12:00:00 AM","Commercial",30.52,"Cents/KWh"
"1035","HECO","Oahu","08/31/2011 12:00:00 AM","Street Lights",32.93,"Cents/KWh"
"1036","HECO","Oahu","08/31/2011 12:00:00 AM","All Sectors",31.64,"Cents/KWh"
"1037","MECO","Maui","08/31/2011 12:00:00 AM","Residential",37.66,"Cents/KWh"
"1038","MECO","Maui","08/31/2011 12:00:00 AM","Commercial",36.17,"Cents/KWh"
"1039","MECO","Maui","08/31/2011 12:00:00 AM","Street Lights",35.57,"Cents/KWh"
"1040","MECO","Maui","08/31/2011 12:00:00 AM","All Sectors",36.69,"Cents/KWh"
"1041","MECO","Lanai","08/31/2011 12:00:00 AM","Residential",45.38,"Cents/KWh"
"1042","MECO","Lanai","08/31/2011 12:00:00 AM","Commercial",46.39,"Cents/KWh"
"1043","MECO","Lanai","08/31/2011 12:00:00 AM","Street Lights",44.7,"Cents/KWh"
"1044","MECO","Lanai","08/31/2011 12:00:00 AM","All Sectors",46.07,"Cents/KWh"
"1045","MECO","Molokai","08/31/2011 12:00:00 AM","Residential",45.5,"Cents/KWh"
"1046","MECO","Molokai","08/31/2011 12:00:00 AM","Commercial",45.28,"Cents/KWh"
"1047","MECO","Molokai","08/31/2011 12:00:00 AM","Street Lights",43.98,"Cents/KWh"
"1048","MECO","Molokai","08/31/2011 12:00:00 AM","All Sectors",45.34,"Cents/KWh"
"1049","HELCO","Hawaii","08/31/2011 12:00:00 AM","Residential",44.25,"Cents/KWh"
"1050","HELCO","Hawaii","08/31/2011 12:00:00 AM","Commercial",40.95,"Cents/KWh"
"1051","HELCO","Hawaii","08/31/2011 12:00:00 AM","Street Lights",43.22,"Cents/KWh"
"1052","HELCO","Hawaii","08/31/2011 12:00:00 AM","All Sectors",42.19,"Cents/KWh"
"1053","KIUC","Kauai","08/31/2011 12:00:00 AM","Residential",43.15,"Cents/KWh"
"1054","KIUC","Kauai","08/31/2011 12:00:00 AM","Commercial",40.92,"Cents/KWh"
"1055","KIUC","Kauai","08/31/2011 12:00:00 AM","Street Lights",57.73,"Cents/KWh"
"1056","KIUC","Kauai","08/31/2011 12:00:00 AM","All Sectors",41.84,"Cents/KWh"
"1057","HECO","Oahu","09/30/2011 12:00:00 AM","Residential",36.03,"Cents/KWh"
"1058","HECO","Oahu","09/30/2011 12:00:00 AM","Commercial",31.45,"Cents/KWh"
"1059","HECO","Oahu","09/30/2011 12:00:00 AM","Street Lights",34.43,"Cents/KWh"
"1060","HECO","Oahu","09/30/2011 12:00:00 AM","All Sectors",32.66,"Cents/KWh"
"1061","MECO","Maui","09/30/2011 12:00:00 AM","Residential",35.92,"Cents/KWh"
"1062","MECO","Maui","09/30/2011 12:00:00 AM","Commercial",34.31,"Cents/KWh"
"1063","MECO","Maui","09/30/2011 12:00:00 AM","Street Lights",34.17,"Cents/KWh"
"1064","MECO","Maui","09/30/2011 12:00:00 AM","All Sectors",34.86,"Cents/KWh"
"1065","MECO","Lanai","09/30/2011 12:00:00 AM","Residential",45.2,"Cents/KWh"
"1066","MECO","Lanai","09/30/2011 12:00:00 AM","Commercial",44.79,"Cents/KWh"
"1067","MECO","Lanai","09/30/2011 12:00:00 AM","Street Lights",44.47,"Cents/KWh"
"1068","MECO","Lanai","09/30/2011 12:00:00 AM","All Sectors",44.9,"Cents/KWh"
"1069","MECO","Molokai","09/30/2011 12:00:00 AM","Residential",44.67,"Cents/KWh"
"1070","MECO","Molokai","09/30/2011 12:00:00 AM","Commercial",44.56,"Cents/KWh"
"1071","MECO","Molokai","09/30/2011 12:00:00 AM","Street Lights",43.22,"Cents/KWh"
"1072","MECO","Molokai","09/30/2011 12:00:00 AM","All Sectors",44.57,"Cents/KWh"
"1073","HELCO","Hawaii","09/30/2011 12:00:00 AM","Residential",43.45,"Cents/KWh"
"1074","HELCO","Hawaii","09/30/2011 12:00:00 AM","Commercial",39.93,"Cents/KWh"
"1075","HELCO","Hawaii","09/30/2011 12:00:00 AM","Street Lights",42.43,"Cents/KWh"
"1076","HELCO","Hawaii","09/30/2011 12:00:00 AM","All Sectors",41.23,"Cents/KWh"
"1077","KIUC","Kauai","09/30/2011 12:00:00 AM","Residential",43.92,"Cents/KWh"
"1078","KIUC","Kauai","09/30/2011 12:00:00 AM","Commercial",41.31,"Cents/KWh"
"1079","KIUC","Kauai","09/30/2011 12:00:00 AM","Street Lights",58.43,"Cents/KWh"
"1080","KIUC","Kauai","09/30/2011 12:00:00 AM","All Sectors",42.32,"Cents/KWh"
"1081","HECO","Oahu","10/31/2011 12:00:00 AM","Residential",34.6,"Cents/KWh"
"1082","HECO","Oahu","10/31/2011 12:00:00 AM","Commercial",30.46,"Cents/KWh"
"1083","HECO","Oahu","10/31/2011 12:00:00 AM","Street Lights",32.97,"Cents/KWh"
"1084","HECO","Oahu","10/31/2011 12:00:00 AM","All Sectors",31.55,"Cents/KWh"
"1085","MECO","Maui","10/31/2011 12:00:00 AM","Residential",36.77,"Cents/KWh"
"1086","MECO","Maui","10/31/2011 12:00:00 AM","Commercial",35.4,"Cents/KWh"
"1087","MECO","Maui","10/31/2011 12:00:00 AM","Street Lights",34.78,"Cents/KWh"
"1088","MECO","Maui","10/31/2011 12:00:00 AM","All Sectors",35.86,"Cents/KWh"
"1089","MECO","Lanai","10/31/2011 12:00:00 AM","Residential",44.84,"Cents/KWh"
"1090","MECO","Lanai","10/31/2011 12:00:00 AM","Commercial",45.33,"Cents/KWh"
"1091","MECO","Lanai","10/31/2011 12:00:00 AM","Street Lights",44.37,"Cents/KWh"
"1092","MECO","Lanai","10/31/2011 12:00:00 AM","All Sectors",45.18,"Cents/KWh"
"1093","MECO","Molokai","10/31/2011 12:00:00 AM","Residential",44.08,"Cents/KWh"
"1094","MECO","Molokai","10/31/2011 12:00:00 AM","Commercial",44.52,"Cents/KWh"
"1095","MECO","Molokai","10/31/2011 12:00:00 AM","Street Lights",42.42,"Cents/KWh"
"1096","MECO","Molokai","10/31/2011 12:00:00 AM","All Sectors",44.32,"Cents/KWh"
"1097","HELCO","Hawaii","10/31/2011 12:00:00 AM","Residential",43.82,"Cents/KWh"
"1098","HELCO","Hawaii","10/31/2011 12:00:00 AM","Commercial",40.67,"Cents/KWh"
"1099","HELCO","Hawaii","10/31/2011 12:00:00 AM","Street Lights",42.66,"Cents/KWh"
"1100","HELCO","Hawaii","10/31/2011 12:00:00 AM","All Sectors",41.83,"Cents/KWh"
"1101","KIUC","Kauai","10/31/2011 12:00:00 AM","Residential",43.66,"Cents/KWh"
"1102","KIUC","Kauai","10/31/2011 12:00:00 AM","Commercial",41.12,"Cents/KWh"
"1103","KIUC","Kauai","10/31/2011 12:00:00 AM","Street Lights",58.02,"Cents/KWh"
"1104","KIUC","Kauai","10/31/2011 12:00:00 AM","All Sectors",42.11,"Cents/KWh"
"1105","HECO","Oahu","11/30/2011 12:00:00 AM","Residential",33.9,"Cents/KWh"
"1106","HECO","Oahu","11/30/2011 12:00:00 AM","Commercial",29.88,"Cents/KWh"
"1107","HECO","Oahu","11/30/2011 12:00:00 AM","Street Lights",32.01,"Cents/KWh"
"1108","HECO","Oahu","11/30/2011 12:00:00 AM","All Sectors",30.93,"Cents/KWh"
"1109","MECO","Maui","11/30/2011 12:00:00 AM","Residential",37.97,"Cents/KWh"
"1110","MECO","Maui","11/30/2011 12:00:00 AM","Commercial",36.5,"Cents/KWh"
"1111","MECO","Maui","11/30/2011 12:00:00 AM","Street Lights",36,"Cents/KWh"
"1112","MECO","Maui","11/30/2011 12:00:00 AM","All Sectors",37.01,"Cents/KWh"
"1113","MECO","Lanai","11/30/2011 12:00:00 AM","Residential",45.22,"Cents/KWh"
"1114","MECO","Lanai","11/30/2011 12:00:00 AM","Commercial",46.23,"Cents/KWh"
"1115","MECO","Lanai","11/30/2011 12:00:00 AM","Street Lights",44.14,"Cents/KWh"
"1116","MECO","Lanai","11/30/2011 12:00:00 AM","All Sectors",45.92,"Cents/KWh"
"1117","MECO","Molokai","11/30/2011 12:00:00 AM","Residential",44.35,"Cents/KWh"
"1118","MECO","Molokai","11/30/2011 12:00:00 AM","Commercial",43.54,"Cents/KWh"
"1119","MECO","Molokai","11/30/2011 12:00:00 AM","Street Lights",42.9,"Cents/KWh"
"1120","MECO","Molokai","11/30/2011 12:00:00 AM","All Sectors",43.83,"Cents/KWh"
"1121","HELCO","Hawaii","11/30/2011 12:00:00 AM","Residential",43.97,"Cents/KWh"
"1122","HELCO","Hawaii","11/30/2011 12:00:00 AM","Commercial",41.01,"Cents/KWh"
"1123","HELCO","Hawaii","11/30/2011 12:00:00 AM","Street Lights",42.95,"Cents/KWh"
"1124","HELCO","Hawaii","11/30/2011 12:00:00 AM","All Sectors",42.16,"Cents/KWh"
"1125","KIUC","Kauai","11/30/2011 12:00:00 AM","Residential",43.48,"Cents/KWh"
"1126","KIUC","Kauai","11/30/2011 12:00:00 AM","Commercial",40.73,"Cents/KWh"
"1127","KIUC","Kauai","11/30/2011 12:00:00 AM","Street Lights",57.93,"Cents/KWh"
"1128","KIUC","Kauai","11/30/2011 12:00:00 AM","All Sectors",41.79,"Cents/KWh"
"1129","HECO","Oahu","12/31/2011 12:00:00 AM","Residential",33.63,"Cents/KWh"
"1130","HECO","Oahu","12/31/2011 12:00:00 AM","Commercial",29.27,"Cents/KWh"
"1131","HECO","Oahu","12/31/2011 12:00:00 AM","Street Lights",31.57,"Cents/KWh"
"1132","HECO","Oahu","12/31/2011 12:00:00 AM","All Sectors",30.45,"Cents/KWh"
"1133","MECO","Maui","12/31/2011 12:00:00 AM","Residential",36.51,"Cents/KWh"
"1134","MECO","Maui","12/31/2011 12:00:00 AM","Commercial",35.29,"Cents/KWh"
"1135","MECO","Maui","12/31/2011 12:00:00 AM","Street Lights",34.6,"Cents/KWh"
"1136","MECO","Maui","12/31/2011 12:00:00 AM","All Sectors",35.73,"Cents/KWh"
"1137","MECO","Lanai","12/31/2011 12:00:00 AM","Residential",45.79,"Cents/KWh"
"1138","MECO","Lanai","12/31/2011 12:00:00 AM","Commercial",45.56,"Cents/KWh"
"1139","MECO","Lanai","12/31/2011 12:00:00 AM","Street Lights",45.46,"Cents/KWh"
"1140","MECO","Lanai","12/31/2011 12:00:00 AM","All Sectors",45.63,"Cents/KWh"
"1141","MECO","Molokai","12/31/2011 12:00:00 AM","Residential",44.11,"Cents/KWh"
"1142","MECO","Molokai","12/31/2011 12:00:00 AM","Commercial",44.39,"Cents/KWh"
"1143","MECO","Molokai","12/31/2011 12:00:00 AM","Street Lights",42.8,"Cents/KWh"
"1144","MECO","Molokai","12/31/2011 12:00:00 AM","All Sectors",44.25,"Cents/KWh"
"1145","HELCO","Hawaii","12/31/2011 12:00:00 AM","Residential",42.94,"Cents/KWh"
"1146","HELCO","Hawaii","12/31/2011 12:00:00 AM","Commercial",40.12,"Cents/KWh"
"1147","HELCO","Hawaii","12/31/2011 12:00:00 AM","Street Lights",41.98,"Cents/KWh"
"1148","HELCO","Hawaii","12/31/2011 12:00:00 AM","All Sectors",41.27,"Cents/KWh"
"1149","KIUC","Kauai","12/31/2011 12:00:00 AM","Residential",46.76,"Cents/KWh"
"1150","KIUC","Kauai","12/31/2011 12:00:00 AM","Commercial",44.34,"Cents/KWh"
"1151","KIUC","Kauai","12/31/2011 12:00:00 AM","Street Lights",61.99,"Cents/KWh"
"1152","KIUC","Kauai","12/31/2011 12:00:00 AM","All Sectors",45.37,"Cents/KWh"
"1153","HECO","Oahu","01/31/2012 12:00:00 AM","Residential",33.26,"Cents/KWh"
"1154","HECO","Oahu","01/31/2012 12:00:00 AM","Commercial",29.17,"Cents/KWh"
"1155","HECO","Oahu","01/31/2012 12:00:00 AM","Street Lights",31.47,"Cents/KWh"
"1156","HECO","Oahu","01/31/2012 12:00:00 AM","All Sectors",30.31,"Cents/KWh"
"1157","MECO","Maui","01/31/2012 12:00:00 AM","Residential",38.53,"Cents/KWh"
"1158","MECO","Maui","01/31/2012 12:00:00 AM","Commercial",37.37,"Cents/KWh"
"1159","MECO","Maui","01/31/2012 12:00:00 AM","Street Lights",36.9,"Cents/KWh"
"1160","MECO","Maui","01/31/2012 12:00:00 AM","All Sectors",37.81,"Cents/KWh"
"1161","MECO","Lanai","01/31/2012 12:00:00 AM","Residential",44.68,"Cents/KWh"
"1162","MECO","Lanai","01/31/2012 12:00:00 AM","Commercial",45.14,"Cents/KWh"
"1163","MECO","Lanai","01/31/2012 12:00:00 AM","Street Lights",44.06,"Cents/KWh"
"1164","MECO","Lanai","01/31/2012 12:00:00 AM","All Sectors",44.99,"Cents/KWh"
"1165","MECO","Molokai","01/31/2012 12:00:00 AM","Residential",45.1,"Cents/KWh"
"1166","MECO","Molokai","01/31/2012 12:00:00 AM","Commercial",46.08,"Cents/KWh"
"1167","MECO","Molokai","01/31/2012 12:00:00 AM","Street Lights",43.84,"Cents/KWh"
"1168","MECO","Molokai","01/31/2012 12:00:00 AM","All Sectors",45.63,"Cents/KWh"
"1169","HELCO","Hawaii","01/31/2012 12:00:00 AM","Residential",43.61,"Cents/KWh"
"1170","HELCO","Hawaii","01/31/2012 12:00:00 AM","Commercial",40.81,"Cents/KWh"
"1171","HELCO","Hawaii","01/31/2012 12:00:00 AM","Street Lights",42.63,"Cents/KWh"
"1172","HELCO","Hawaii","01/31/2012 12:00:00 AM","All Sectors",41.99,"Cents/KWh"
"1173","KIUC","Kauai","01/31/2012 12:00:00 AM","Residential",42.92,"Cents/KWh"
"1174","KIUC","Kauai","01/31/2012 12:00:00 AM","Commercial",39.82,"Cents/KWh"
"1175","KIUC","Kauai","01/31/2012 12:00:00 AM","Street Lights",57.58,"Cents/KWh"
"1176","KIUC","Kauai","01/31/2012 12:00:00 AM","All Sectors",41.11,"Cents/KWh"
"1177","HECO","Oahu","02/28/2012 12:00:00 AM","Residential",34.82,"Cents/KWh"
"1178","HECO","Oahu","02/28/2012 12:00:00 AM","Commercial",30.43,"Cents/KWh"
"1179","HECO","Oahu","02/28/2012 12:00:00 AM","Street Lights",32.52,"Cents/KWh"
"1180","HECO","Oahu","02/28/2012 12:00:00 AM","All Sectors",31.54,"Cents/KWh"
"1181","MECO","Maui","02/28/2012 12:00:00 AM","Residential",36.73,"Cents/KWh"
"1182","MECO","Maui","02/28/2012 12:00:00 AM","Commercial",35.6,"Cents/KWh"
"1183","MECO","Maui","02/28/2012 12:00:00 AM","Street Lights",34.86,"Cents/KWh"
"1184","MECO","Maui","02/28/2012 12:00:00 AM","All Sectors",35.98,"Cents/KWh"
"1185","MECO","Lanai","02/28/2012 12:00:00 AM","Residential",45.19,"Cents/KWh"
"1186","MECO","Lanai","02/28/2012 12:00:00 AM","Commercial",45.79,"Cents/KWh"
"1187","MECO","Lanai","02/28/2012 12:00:00 AM","Street Lights",44.25,"Cents/KWh"
"1188","MECO","Lanai","02/28/2012 12:00:00 AM","All Sectors",45.6,"Cents/KWh"
"1189","MECO","Molokai","02/28/2012 12:00:00 AM","Residential",44.24,"Cents/KWh"
"1190","MECO","Molokai","02/28/2012 12:00:00 AM","Commercial",44.65,"Cents/KWh"
"1191","MECO","Molokai","02/28/2012 12:00:00 AM","Street Lights",42.52,"Cents/KWh"
"1192","MECO","Molokai","02/28/2012 12:00:00 AM","All Sectors",44.46,"Cents/KWh"
"1193","HELCO","Hawaii","02/28/2012 12:00:00 AM","Residential",42.32,"Cents/KWh"
"1194","HELCO","Hawaii","02/28/2012 12:00:00 AM","Commercial",39.42,"Cents/KWh"
"1195","HELCO","Hawaii","02/28/2012 12:00:00 AM","Street Lights",41.19,"Cents/KWh"
"1196","HELCO","Hawaii","02/28/2012 12:00:00 AM","All Sectors",40.52,"Cents/KWh"
"1197","KIUC","Kauai","02/28/2012 12:00:00 AM","Residential",43.15,"Cents/KWh"
"1198","KIUC","Kauai","02/28/2012 12:00:00 AM","Commercial",40.92,"Cents/KWh"
"1199","KIUC","Kauai","02/28/2012 12:00:00 AM","Street Lights",57.77,"Cents/KWh"
"1200","KIUC","Kauai","02/28/2012 12:00:00 AM","All Sectors",41.9,"Cents/KWh"
"1201","HECO","Oahu","03/31/2012 12:00:00 AM","Residential",34.95,"Cents/KWh"
"1202","HECO","Oahu","03/31/2012 12:00:00 AM","Commercial",30.73,"Cents/KWh"
"1203","HECO","Oahu","03/31/2012 12:00:00 AM","Street Lights",32.78,"Cents/KWh"
"1204","HECO","Oahu","03/31/2012 12:00:00 AM","All Sectors",31.85,"Cents/KWh"
"1205","MECO","Maui","03/31/2012 12:00:00 AM","Residential",36,"Cents/KWh"
"1206","MECO","Maui","03/31/2012 12:00:00 AM","Commercial",34.66,"Cents/KWh"
"1207","MECO","Maui","03/31/2012 12:00:00 AM","Street Lights",33.9,"Cents/KWh"
"1208","MECO","Maui","03/31/2012 12:00:00 AM","All Sectors",35.14,"Cents/KWh"
"1209","MECO","Lanai","03/31/2012 12:00:00 AM","Residential",45.06,"Cents/KWh"
"1210","MECO","Lanai","03/31/2012 12:00:00 AM","Commercial",45.45,"Cents/KWh"
"1211","MECO","Lanai","03/31/2012 12:00:00 AM","Street Lights",44.47,"Cents/KWh"
"1212","MECO","Lanai","03/31/2012 12:00:00 AM","All Sectors",45.33,"Cents/KWh"
"1213","MECO","Molokai","03/31/2012 12:00:00 AM","Residential",44.33,"Cents/KWh"
"1214","MECO","Molokai","03/31/2012 12:00:00 AM","Commercial",45.03,"Cents/KWh"
"1215","MECO","Molokai","03/31/2012 12:00:00 AM","Street Lights",42.84,"Cents/KWh"
"1216","MECO","Molokai","03/31/2012 12:00:00 AM","All Sectors",44.72,"Cents/KWh"
"1217","HELCO","Hawaii","03/31/2012 12:00:00 AM","Residential",43.47,"Cents/KWh"
"1218","HELCO","Hawaii","03/31/2012 12:00:00 AM","Commercial",40.4,"Cents/KWh"
"1219","HELCO","Hawaii","03/31/2012 12:00:00 AM","Street Lights",42.25,"Cents/KWh"
"1220","HELCO","Hawaii","03/31/2012 12:00:00 AM","All Sectors",41.61,"Cents/KWh"
"1221","KIUC","Kauai","03/31/2012 12:00:00 AM","Residential",44.87,"Cents/KWh"
"1222","KIUC","Kauai","03/31/2012 12:00:00 AM","Commercial",42.51,"Cents/KWh"
"1223","KIUC","Kauai","03/31/2012 12:00:00 AM","Street Lights",61.33,"Cents/KWh"
"1224","KIUC","Kauai","03/31/2012 12:00:00 AM","All Sectors",43.54,"Cents/KWh"
